Gene_0,Gene_1,Gene_2,Gene_3,Gene_4,Gene_5,Gene_6,Gene_7,Gene_8,Gene_9,Gene_10,Gene_11,Gene_12,Gene_13,Gene_14,Gene_15,Gene_16,Gene_17,Gene_18,Gene_19,Gene_20,Gene_21,Gene_22,Gene_23,Gene_24,Gene_25,Gene_26,Gene_27,Gene_28,Gene_29,Gene_30,Gene_31,Gene_32,Gene_33,Gene_34,Gene_35,Gene_36,Gene_37,Gene_38,Gene_39,Gene_40,Gene_41,Gene_42,Gene_43,Gene_44,Gene_45,Gene_46,Gene_47,Gene_48,Gene_49,Gene_50,Gene_51,Gene_52,Gene_53,Gene_54,Gene_55,Gene_56,Gene_57,Gene_58,Gene_59,Gene_60,Gene_61,Gene_62,Gene_63,Gene_64,Gene_65,Gene_66,Gene_67,Gene_68,Gene_69,Gene_70,Gene_71,Gene_72,Gene_73,Gene_74,Gene_75,Gene_76,Gene_77,Gene_78,Gene_79,Gene_80,Gene_81,Gene_82,Gene_83,Gene_84,Gene_85,Gene_86,Gene_87,Gene_88,Gene_89,Gene_90,Gene_91,Gene_92,Gene_93,Gene_94,Gene_95,Gene_96,Gene_97,Gene_98,Gene_99,Cluster,Phi
1.0,3.0,23.0,12.0,12.0,9.0,9.0,7.0,2.0,1.0,0.0,1.0,14.0,14.0,1.0,1.0,4.0,11.0,5.0,15.0,27.0,24.0,18.0,9.0,7.0,1.0,44.0,0.0,17.0,16.0,14.0,1.0,2.0,8.0,14.0,6.0,19.0,7.0,11.0,39.0,9.0,3.0,16.0,3.0,6.0,1.0,2.0,11.0,15.0,21.0,4.0,15.0,14.0,8.0,4.0,4.0,5.0,2.0,7.0,8.0,19.0,15.0,15.0,20.0,8.0,33.0,10.0,7.0,8.0,15.0,0.0,2.0,2.0,11.0,1.0,7.0,1.0,2.0,23.0,7.0,4.0,4.0,24.0,25.0,5.0,6.0,12.0,9.0,1.0,0.0,9.0,12.0,12.0,15.0,14.0,7.0,2.0,19.0,1.0,23.0,1,0.09306727574971371
6.0,30.0,10.0,6.0,4.0,6.0,19.0,6.0,11.0,10.0,20.0,19.0,8.0,5.0,1.0,2.0,5.0,8.0,23.0,1.0,43.0,11.0,22.0,51.0,11.0,5.0,19.0,13.0,5.0,1.0,3.0,15.0,19.0,18.0,10.0,3.0,10.0,5.0,1.0,29.0,5.0,7.0,14.0,33.0,2.0,1.0,2.0,3.0,6.0,24.0,20.0,14.0,4.0,3.0,11.0,8.0,7.0,24.0,1.0,1.0,4.0,4.0,18.0,2.0,4.0,1.0,14.0,2.0,12.0,1.0,6.0,10.0,5.0,8.0,2.0,23.0,1.0,4.0,4.0,3.0,16.0,9.0,3.0,6.0,6.0,8.0,4.0,19.0,10.0,9.0,7.0,6.0,8.0,48.0,1.0,5.0,14.0,16.0,3.0,3.0,2,0.08032107810887155
10.0,10.0,13.0,5.0,3.0,8.0,25.0,2.0,6.0,7.0,26.0,10.0,4.0,8.0,2.0,4.0,8.0,12.0,21.0,6.0,26.0,15.0,14.0,37.0,3.0,14.0,14.0,12.0,6.0,8.0,3.0,16.0,12.0,12.0,5.0,3.0,16.0,2.0,1.0,39.0,7.0,2.0,21.0,21.0,3.0,8.0,3.0,10.0,7.0,23.0,16.0,12.0,3.0,8.0,10.0,2.0,9.0,11.0,7.0,1.0,5.0,5.0,13.0,4.0,1.0,4.0,15.0,2.0,5.0,5.0,7.0,6.0,9.0,10.0,1.0,10.0,1.0,4.0,7.0,3.0,9.0,11.0,7.0,12.0,2.0,12.0,6.0,24.0,8.0,3.0,10.0,4.0,7.0,42.0,4.0,7.0,12.0,23.0,6.0,10.0,2,0.20368914117594863
21.0,2.0,2.0,22.0,10.0,15.0,5.0,5.0,3.0,1.0,8.0,11.0,6.0,6.0,9.0,3.0,4.0,9.0,9.0,13.0,13.0,6.0,21.0,4.0,18.0,2.0,10.0,11.0,5.0,23.0,9.0,6.0,13.0,3.0,8.0,0.0,17.0,2.0,7.0,34.0,8.0,12.0,10.0,9.0,6.0,7.0,3.0,17.0,16.0,8.0,13.0,16.0,4.0,13.0,13.0,0.0,0.0,3.0,22.0,0.0,8.0,13.0,6.0,20.0,3.0,14.0,7.0,2.0,6.0,8.0,10.0,7.0,5.0,19.0,5.0,9.0,7.0,2.0,12.0,8.0,28.0,7.0,7.0,16.0,8.0,14.0,5.0,12.0,15.0,2.0,16.0,31.0,0.0,8.0,5.0,16.0,2.0,49.0,7.0,27.0,0,0.21719536452114177
51.0,2.0,3.0,19.0,16.0,25.0,0.0,1.0,0.0,2.0,9.0,12.0,7.0,3.0,7.0,6.0,6.0,6.0,5.0,19.0,0.0,3.0,32.0,0.0,10.0,3.0,7.0,8.0,2.0,17.0,8.0,1.0,13.0,1.0,7.0,2.0,9.0,4.0,6.0,10.0,4.0,10.0,19.0,11.0,10.0,6.0,11.0,7.0,16.0,1.0,13.0,18.0,7.0,12.0,19.0,4.0,1.0,1.0,28.0,0.0,4.0,10.0,1.0,42.0,0.0,9.0,5.0,3.0,8.0,12.0,11.0,8.0,5.0,10.0,3.0,9.0,13.0,1.0,13.0,5.0,30.0,0.0,4.0,12.0,6.0,15.0,7.0,8.0,25.0,2.0,16.0,35.0,0.0,2.0,0.0,15.0,2.0,56.0,2.0,24.0,0,0.0007629711071678091
5.0,6.0,19.0,11.0,5.0,14.0,13.0,5.0,1.0,0.0,1.0,3.0,11.0,11.0,1.0,2.0,8.0,14.0,6.0,10.0,36.0,24.0,13.0,6.0,8.0,0.0,36.0,3.0,22.0,18.0,10.0,3.0,4.0,9.0,15.0,7.0,16.0,7.0,11.0,39.0,3.0,2.0,7.0,6.0,7.0,4.0,1.0,5.0,10.0,15.0,7.0,13.0,10.0,7.0,1.0,5.0,3.0,1.0,8.0,8.0,16.0,24.0,17.0,12.0,8.0,28.0,9.0,10.0,5.0,15.0,1.0,2.0,0.0,10.0,4.0,0.0,0.0,3.0,29.0,5.0,7.0,7.0,28.0,18.0,0.0,0.0,13.0,6.0,4.0,2.0,17.0,4.0,6.0,22.0,23.0,6.0,0.0,21.0,0.0,15.0,1,0.12230208285553369
9.0,33.0,19.0,1.0,2.0,11.0,38.0,4.0,4.0,3.0,24.0,22.0,3.0,1.0,0.0,4.0,5.0,11.0,32.0,3.0,33.0,12.0,15.0,45.0,4.0,10.0,18.0,9.0,6.0,4.0,2.0,12.0,10.0,8.0,8.0,3.0,17.0,4.0,0.0,27.0,11.0,7.0,13.0,27.0,0.0,3.0,3.0,5.0,6.0,28.0,20.0,9.0,3.0,3.0,14.0,3.0,10.0,10.0,3.0,1.0,2.0,5.0,26.0,4.0,4.0,0.0,17.0,5.0,8.0,2.0,7.0,7.0,6.0,12.0,0.0,17.0,3.0,9.0,7.0,4.0,8.0,9.0,1.0,8.0,3.0,12.0,5.0,25.0,12.0,10.0,7.0,4.0,8.0,51.0,1.0,6.0,20.0,17.0,4.0,6.0,2,0.08213034617950014
5.0,5.0,21.0,12.0,9.0,5.0,8.0,7.0,2.0,4.0,1.0,4.0,11.0,17.0,5.0,1.0,7.0,13.0,6.0,22.0,28.0,11.0,13.0,6.0,10.0,1.0,37.0,2.0,20.0,15.0,17.0,5.0,6.0,10.0,14.0,4.0,32.0,3.0,10.0,39.0,8.0,3.0,5.0,8.0,13.0,3.0,6.0,9.0,9.0,20.0,3.0,14.0,15.0,14.0,5.0,3.0,9.0,9.0,9.0,7.0,16.0,17.0,17.0,18.0,8.0,29.0,5.0,4.0,3.0,10.0,1.0,0.0,2.0,10.0,2.0,6.0,2.0,4.0,26.0,9.0,5.0,9.0,21.0,16.0,7.0,2.0,11.0,6.0,9.0,4.0,24.0,3.0,10.0,10.0,20.0,6.0,2.0,20.0,0.0,27.0,1,0.14474699400932317
25.0,3.0,5.0,27.0,14.0,26.0,1.0,4.0,5.0,0.0,12.0,16.0,5.0,3.0,8.0,6.0,7.0,5.0,3.0,14.0,3.0,10.0,18.0,1.0,11.0,0.0,3.0,6.0,2.0,31.0,11.0,6.0,14.0,1.0,8.0,3.0,5.0,6.0,9.0,5.0,9.0,17.0,19.0,15.0,15.0,4.0,2.0,22.0,13.0,5.0,9.0,23.0,1.0,23.0,14.0,7.0,0.0,1.0,21.0,0.0,6.0,8.0,1.0,43.0,0.0,4.0,10.0,1.0,8.0,4.0,11.0,10.0,5.0,9.0,4.0,10.0,9.0,2.0,12.0,11.0,38.0,2.0,3.0,13.0,9.0,13.0,4.0,8.0,27.0,2.0,21.0,28.0,0.0,3.0,0.0,17.0,3.0,54.0,5.0,20.0,0,0.011981265188367883
15.0,26.0,13.0,6.0,3.0,12.0,36.0,6.0,3.0,3.0,16.0,21.0,5.0,2.0,2.0,3.0,4.0,18.0,17.0,4.0,28.0,12.0,16.0,33.0,7.0,13.0,17.0,6.0,5.0,2.0,8.0,14.0,14.0,16.0,7.0,2.0,13.0,3.0,0.0,34.0,8.0,8.0,14.0,34.0,2.0,3.0,6.0,3.0,10.0,11.0,23.0,9.0,4.0,3.0,7.0,6.0,10.0,14.0,6.0,3.0,2.0,4.0,20.0,4.0,1.0,1.0,19.0,3.0,2.0,5.0,12.0,10.0,14.0,5.0,1.0,17.0,4.0,6.0,9.0,1.0,11.0,4.0,3.0,6.0,2.0,13.0,4.0,15.0,7.0,7.0,8.0,4.0,11.0,41.0,4.0,4.0,10.0,10.0,4.0,8.0,2,0.14304103945206117
15.0,20.0,16.0,4.0,3.0,8.0,36.0,5.0,6.0,3.0,16.0,18.0,8.0,4.0,1.0,1.0,7.0,14.0,23.0,11.0,39.0,18.0,20.0,32.0,4.0,5.0,15.0,8.0,3.0,5.0,5.0,9.0,16.0,17.0,8.0,0.0,19.0,5.0,6.0,24.0,9.0,9.0,19.0,41.0,5.0,3.0,3.0,10.0,8.0,15.0,11.0,16.0,7.0,3.0,17.0,4.0,6.0,18.0,5.0,4.0,3.0,2.0,20.0,3.0,3.0,9.0,9.0,6.0,1.0,4.0,12.0,3.0,4.0,6.0,0.0,17.0,6.0,11.0,7.0,7.0,13.0,6.0,3.0,17.0,2.0,17.0,8.0,13.0,10.0,6.0,6.0,4.0,10.0,46.0,6.0,2.0,11.0,13.0,4.0,6.0,2,0.22061699617451733
9.0,25.0,14.0,3.0,4.0,11.0,32.0,4.0,5.0,5.0,12.0,21.0,10.0,8.0,1.0,2.0,5.0,17.0,23.0,3.0,30.0,14.0,21.0,46.0,10.0,9.0,10.0,8.0,2.0,0.0,7.0,12.0,8.0,11.0,11.0,3.0,16.0,4.0,2.0,29.0,7.0,6.0,15.0,30.0,1.0,3.0,4.0,5.0,5.0,21.0,19.0,12.0,9.0,4.0,19.0,1.0,6.0,13.0,4.0,2.0,5.0,2.0,20.0,8.0,1.0,3.0,9.0,2.0,7.0,5.0,2.0,7.0,5.0,3.0,3.0,18.0,2.0,8.0,5.0,6.0,12.0,9.0,2.0,14.0,4.0,14.0,5.0,20.0,13.0,3.0,4.0,1.0,4.0,42.0,1.0,2.0,17.0,14.0,4.0,9.0,2,0.1755419642520924
15.0,24.0,17.0,8.0,5.0,7.0,31.0,6.0,6.0,1.0,23.0,14.0,6.0,2.0,1.0,5.0,4.0,5.0,18.0,2.0,32.0,14.0,21.0,37.0,2.0,8.0,13.0,9.0,1.0,3.0,4.0,20.0,12.0,23.0,6.0,2.0,12.0,3.0,1.0,19.0,7.0,4.0,11.0,32.0,3.0,4.0,3.0,3.0,8.0,20.0,17.0,13.0,7.0,3.0,10.0,3.0,9.0,14.0,2.0,1.0,0.0,2.0,14.0,0.0,4.0,1.0,12.0,2.0,6.0,1.0,4.0,11.0,5.0,9.0,0.0,19.0,3.0,7.0,1.0,4.0,9.0,5.0,0.0,8.0,7.0,16.0,1.0,21.0,12.0,5.0,4.0,2.0,9.0,42.0,2.0,2.0,20.0,10.0,3.0,5.0,2,0.015974169133737448
43.0,2.0,5.0,27.0,13.0,29.0,0.0,5.0,3.0,1.0,14.0,10.0,6.0,4.0,10.0,7.0,3.0,10.0,5.0,7.0,4.0,18.0,30.0,0.0,15.0,0.0,7.0,9.0,3.0,20.0,7.0,2.0,18.0,1.0,8.0,1.0,5.0,2.0,7.0,20.0,2.0,11.0,12.0,15.0,9.0,7.0,4.0,23.0,13.0,1.0,6.0,24.0,1.0,20.0,19.0,3.0,1.0,1.0,20.0,0.0,5.0,9.0,3.0,25.0,2.0,9.0,7.0,1.0,9.0,7.0,11.0,19.0,4.0,11.0,7.0,6.0,8.0,0.0,14.0,8.0,31.0,4.0,12.0,17.0,10.0,8.0,7.0,5.0,31.0,4.0,11.0,40.0,0.0,4.0,0.0,20.0,0.0,59.0,2.0,25.0,0,0.026817258627021456
16.0,14.0,15.0,5.0,5.0,8.0,27.0,1.0,8.0,7.0,16.0,13.0,4.0,2.0,2.0,4.0,5.0,7.0,23.0,6.0,36.0,12.0,19.0,37.0,7.0,7.0,11.0,7.0,3.0,3.0,7.0,13.0,13.0,16.0,13.0,6.0,16.0,5.0,2.0,12.0,6.0,4.0,12.0,33.0,3.0,3.0,3.0,9.0,8.0,18.0,17.0,9.0,6.0,8.0,12.0,6.0,12.0,13.0,2.0,3.0,2.0,5.0,11.0,6.0,3.0,3.0,15.0,3.0,10.0,2.0,7.0,6.0,4.0,11.0,2.0,20.0,5.0,3.0,11.0,4.0,20.0,9.0,6.0,7.0,4.0,12.0,2.0,18.0,8.0,6.0,2.0,2.0,5.0,39.0,3.0,10.0,17.0,14.0,1.0,8.0,2,0.21218722436141005
9.0,15.0,20.0,8.0,6.0,13.0,22.0,5.0,6.0,4.0,12.0,22.0,6.0,5.0,5.0,2.0,7.0,10.0,21.0,7.0,36.0,13.0,17.0,40.0,5.0,3.0,14.0,12.0,8.0,2.0,10.0,10.0,15.0,14.0,11.0,1.0,18.0,1.0,4.0,33.0,5.0,4.0,16.0,25.0,3.0,1.0,8.0,8.0,12.0,18.0,19.0,16.0,3.0,9.0,15.0,3.0,6.0,14.0,3.0,4.0,4.0,5.0,30.0,3.0,5.0,5.0,10.0,3.0,6.0,2.0,4.0,9.0,6.0,8.0,0.0,19.0,1.0,6.0,10.0,9.0,19.0,8.0,4.0,11.0,0.0,11.0,4.0,22.0,10.0,3.0,6.0,6.0,4.0,41.0,4.0,6.0,10.0,16.0,3.0,9.0,2,0.2515648469008192
14.0,29.0,6.0,3.0,3.0,8.0,46.0,2.0,10.0,9.0,16.0,18.0,9.0,1.0,1.0,0.0,5.0,6.0,18.0,1.0,47.0,8.0,13.0,45.0,5.0,12.0,14.0,10.0,5.0,0.0,4.0,19.0,10.0,21.0,12.0,5.0,14.0,2.0,1.0,32.0,10.0,7.0,9.0,29.0,1.0,2.0,5.0,1.0,8.0,13.0,20.0,11.0,4.0,3.0,15.0,1.0,6.0,16.0,1.0,4.0,0.0,1.0,21.0,1.0,2.0,0.0,14.0,1.0,5.0,2.0,6.0,7.0,5.0,6.0,3.0,23.0,1.0,7.0,4.0,3.0,16.0,9.0,2.0,6.0,6.0,18.0,5.0,30.0,7.0,11.0,8.0,3.0,9.0,43.0,1.0,5.0,19.0,9.0,6.0,4.0,2,0.015666624431132845
13.0,21.0,15.0,5.0,8.0,6.0,29.0,3.0,7.0,2.0,14.0,21.0,6.0,6.0,1.0,2.0,7.0,6.0,16.0,2.0,38.0,18.0,16.0,37.0,15.0,7.0,20.0,4.0,3.0,3.0,5.0,17.0,16.0,15.0,7.0,7.0,19.0,7.0,2.0,25.0,6.0,6.0,13.0,28.0,0.0,2.0,3.0,7.0,10.0,18.0,18.0,7.0,3.0,2.0,16.0,5.0,7.0,17.0,3.0,1.0,3.0,5.0,22.0,2.0,2.0,3.0,17.0,3.0,7.0,3.0,6.0,6.0,2.0,4.0,3.0,19.0,2.0,6.0,7.0,4.0,10.0,6.0,5.0,13.0,5.0,14.0,0.0,12.0,10.0,8.0,3.0,5.0,14.0,52.0,2.0,6.0,14.0,15.0,5.0,5.0,2,0.12555312655050657
2.0,3.0,19.0,7.0,10.0,10.0,9.0,7.0,3.0,0.0,3.0,3.0,9.0,20.0,2.0,2.0,5.0,9.0,5.0,15.0,27.0,23.0,18.0,14.0,17.0,0.0,38.0,3.0,25.0,26.0,13.0,7.0,2.0,5.0,15.0,2.0,24.0,7.0,7.0,41.0,12.0,1.0,9.0,7.0,9.0,4.0,0.0,18.0,12.0,22.0,2.0,12.0,7.0,12.0,6.0,7.0,8.0,12.0,8.0,3.0,20.0,16.0,14.0,18.0,12.0,41.0,8.0,13.0,6.0,14.0,1.0,4.0,0.0,6.0,2.0,7.0,2.0,3.0,32.0,3.0,0.0,2.0,32.0,19.0,2.0,3.0,15.0,5.0,2.0,2.0,21.0,10.0,5.0,22.0,17.0,4.0,4.0,23.0,1.0,24.0,1,0.0423216898083307
31.0,5.0,1.0,26.0,16.0,27.0,3.0,5.0,2.0,3.0,6.0,14.0,8.0,8.0,6.0,4.0,6.0,12.0,9.0,12.0,5.0,16.0,26.0,5.0,12.0,3.0,10.0,6.0,2.0,30.0,9.0,2.0,15.0,3.0,6.0,0.0,7.0,1.0,12.0,10.0,5.0,7.0,12.0,18.0,6.0,4.0,6.0,11.0,11.0,3.0,7.0,21.0,2.0,13.0,21.0,6.0,4.0,3.0,28.0,0.0,7.0,10.0,5.0,34.0,2.0,14.0,7.0,2.0,3.0,5.0,10.0,4.0,7.0,5.0,1.0,14.0,3.0,2.0,20.0,10.0,34.0,4.0,9.0,15.0,13.0,14.0,5.0,10.0,26.0,1.0,13.0,26.0,3.0,6.0,2.0,15.0,3.0,47.0,5.0,34.0,0,0.14163218495942803
23.0,5.0,4.0,35.0,13.0,23.0,2.0,5.0,2.0,3.0,13.0,9.0,5.0,5.0,5.0,7.0,6.0,5.0,8.0,9.0,11.0,6.0,39.0,5.0,10.0,3.0,9.0,14.0,6.0,21.0,11.0,1.0,10.0,1.0,8.0,4.0,5.0,4.0,3.0,17.0,12.0,5.0,19.0,16.0,7.0,9.0,10.0,26.0,13.0,2.0,10.0,20.0,2.0,17.0,21.0,6.0,2.0,4.0,19.0,0.0,3.0,6.0,6.0,29.0,1.0,12.0,14.0,4.0,6.0,9.0,11.0,9.0,5.0,16.0,4.0,8.0,9.0,3.0,10.0,5.0,30.0,3.0,8.0,22.0,5.0,9.0,4.0,5.0,25.0,1.0,23.0,27.0,0.0,5.0,4.0,11.0,1.0,49.0,8.0,23.0,0,0.09968988764172822
12.0,21.0,9.0,7.0,3.0,8.0,36.0,3.0,6.0,6.0,18.0,17.0,10.0,4.0,1.0,3.0,1.0,13.0,19.0,6.0,29.0,15.0,15.0,45.0,7.0,8.0,21.0,8.0,7.0,2.0,6.0,19.0,11.0,11.0,16.0,4.0,10.0,1.0,3.0,27.0,6.0,4.0,21.0,22.0,0.0,0.0,3.0,14.0,10.0,18.0,24.0,9.0,8.0,8.0,10.0,7.0,8.0,15.0,6.0,0.0,4.0,6.0,15.0,8.0,4.0,5.0,13.0,5.0,5.0,1.0,4.0,5.0,7.0,6.0,3.0,13.0,1.0,3.0,12.0,4.0,8.0,11.0,8.0,11.0,6.0,14.0,2.0,23.0,12.0,9.0,7.0,11.0,6.0,53.0,4.0,9.0,17.0,23.0,1.0,6.0,2,0.2456306251683204
17.0,18.0,9.0,5.0,6.0,8.0,37.0,2.0,3.0,3.0,10.0,21.0,9.0,11.0,1.0,4.0,1.0,5.0,19.0,3.0,41.0,19.0,25.0,35.0,8.0,10.0,12.0,6.0,6.0,9.0,2.0,14.0,10.0,17.0,9.0,4.0,15.0,4.0,4.0,29.0,7.0,7.0,16.0,29.0,4.0,3.0,0.0,9.0,12.0,18.0,19.0,7.0,3.0,9.0,10.0,3.0,9.0,13.0,8.0,2.0,4.0,8.0,19.0,8.0,6.0,5.0,12.0,2.0,2.0,3.0,11.0,6.0,8.0,7.0,1.0,10.0,4.0,7.0,8.0,9.0,21.0,10.0,4.0,10.0,5.0,14.0,5.0,14.0,15.0,6.0,5.0,8.0,5.0,44.0,2.0,4.0,15.0,17.0,3.0,9.0,2,0.24181567748179036
11.0,29.0,12.0,6.0,9.0,9.0,38.0,2.0,4.0,2.0,10.0,16.0,10.0,8.0,2.0,2.0,7.0,9.0,11.0,8.0,35.0,18.0,20.0,44.0,12.0,4.0,14.0,5.0,3.0,4.0,6.0,15.0,12.0,15.0,9.0,5.0,13.0,4.0,2.0,31.0,11.0,11.0,17.0,37.0,1.0,5.0,7.0,6.0,10.0,24.0,20.0,14.0,8.0,8.0,14.0,4.0,6.0,14.0,7.0,1.0,3.0,7.0,25.0,4.0,5.0,4.0,9.0,4.0,4.0,4.0,6.0,4.0,5.0,9.0,2.0,23.0,0.0,10.0,12.0,5.0,14.0,3.0,8.0,18.0,4.0,14.0,6.0,24.0,13.0,3.0,4.0,6.0,11.0,42.0,3.0,3.0,23.0,18.0,2.0,2.0,2,0.1737484655410567
34.0,7.0,6.0,17.0,10.0,24.0,7.0,5.0,4.0,2.0,5.0,10.0,7.0,6.0,6.0,4.0,12.0,7.0,8.0,15.0,8.0,13.0,23.0,5.0,9.0,3.0,10.0,6.0,7.0,16.0,13.0,3.0,14.0,4.0,5.0,2.0,10.0,4.0,8.0,22.0,5.0,8.0,16.0,18.0,14.0,4.0,4.0,10.0,10.0,3.0,7.0,20.0,2.0,13.0,9.0,10.0,1.0,3.0,16.0,1.0,1.0,9.0,9.0,24.0,4.0,13.0,7.0,5.0,4.0,5.0,8.0,8.0,5.0,10.0,5.0,7.0,7.0,6.0,14.0,9.0,23.0,5.0,9.0,24.0,10.0,5.0,2.0,15.0,15.0,7.0,14.0,25.0,3.0,7.0,2.0,14.0,4.0,50.0,1.0,20.0,0,0.2226560986871088
7.0,22.0,10.0,9.0,4.0,13.0,25.0,6.0,4.0,6.0,13.0,17.0,5.0,2.0,0.0,1.0,5.0,8.0,22.0,6.0,24.0,17.0,21.0,30.0,6.0,8.0,14.0,9.0,11.0,8.0,7.0,17.0,7.0,18.0,9.0,4.0,10.0,4.0,3.0,32.0,14.0,5.0,18.0,31.0,1.0,6.0,7.0,7.0,11.0,24.0,20.0,17.0,7.0,5.0,12.0,3.0,9.0,10.0,5.0,1.0,4.0,3.0,30.0,12.0,1.0,3.0,8.0,4.0,7.0,3.0,5.0,4.0,7.0,6.0,2.0,12.0,5.0,3.0,8.0,5.0,17.0,6.0,3.0,9.0,5.0,21.0,7.0,14.0,10.0,4.0,4.0,9.0,9.0,29.0,5.0,10.0,11.0,19.0,5.0,12.0,2,0.26781042632831475
24.0,6.0,4.0,19.0,12.0,21.0,9.0,2.0,4.0,1.0,13.0,9.0,10.0,3.0,8.0,3.0,3.0,12.0,5.0,10.0,12.0,10.0,25.0,11.0,6.0,1.0,11.0,10.0,6.0,22.0,12.0,4.0,19.0,2.0,12.0,2.0,11.0,7.0,2.0,11.0,8.0,9.0,22.0,15.0,4.0,7.0,1.0,15.0,14.0,7.0,9.0,18.0,2.0,9.0,7.0,9.0,2.0,3.0,14.0,3.0,3.0,12.0,5.0,42.0,2.0,12.0,6.0,1.0,5.0,6.0,6.0,7.0,7.0,6.0,1.0,10.0,6.0,7.0,8.0,7.0,31.0,9.0,6.0,18.0,4.0,9.0,5.0,15.0,17.0,2.0,19.0,16.0,1.0,9.0,5.0,12.0,1.0,42.0,2.0,16.0,0,0.25091078664134187
28.0,6.0,7.0,33.0,16.0,17.0,3.0,2.0,7.0,4.0,12.0,6.0,3.0,6.0,11.0,3.0,3.0,5.0,12.0,11.0,5.0,6.0,31.0,1.0,10.0,2.0,9.0,10.0,5.0,17.0,5.0,5.0,17.0,1.0,4.0,4.0,12.0,0.0,8.0,19.0,6.0,11.0,6.0,21.0,3.0,9.0,4.0,24.0,11.0,5.0,10.0,24.0,0.0,14.0,21.0,7.0,2.0,2.0,22.0,1.0,4.0,11.0,5.0,29.0,3.0,10.0,4.0,5.0,7.0,2.0,11.0,6.0,6.0,11.0,3.0,8.0,9.0,2.0,10.0,6.0,31.0,3.0,7.0,14.0,6.0,6.0,5.0,9.0,27.0,4.0,9.0,23.0,2.0,6.0,8.0,13.0,3.0,46.0,5.0,19.0,0,0.15794683390553338
7.0,20.0,9.0,2.0,7.0,7.0,34.0,3.0,19.0,4.0,21.0,22.0,3.0,3.0,4.0,2.0,6.0,10.0,21.0,6.0,37.0,17.0,13.0,45.0,8.0,12.0,8.0,6.0,5.0,4.0,5.0,23.0,14.0,13.0,10.0,3.0,16.0,7.0,0.0,25.0,10.0,6.0,19.0,36.0,2.0,1.0,4.0,9.0,10.0,18.0,13.0,19.0,4.0,3.0,11.0,3.0,8.0,16.0,3.0,2.0,3.0,3.0,31.0,4.0,2.0,5.0,18.0,4.0,7.0,2.0,5.0,5.0,4.0,7.0,0.0,12.0,0.0,7.0,5.0,1.0,13.0,5.0,8.0,9.0,4.0,12.0,4.0,19.0,7.0,5.0,4.0,3.0,6.0,40.0,3.0,4.0,17.0,19.0,4.0,5.0,2,0.15559448453602828
20.0,3.0,7.0,24.0,13.0,15.0,4.0,7.0,5.0,3.0,11.0,16.0,6.0,7.0,10.0,4.0,5.0,12.0,6.0,20.0,6.0,12.0,31.0,6.0,11.0,5.0,12.0,8.0,4.0,18.0,10.0,2.0,8.0,3.0,6.0,1.0,9.0,4.0,4.0,14.0,9.0,8.0,19.0,12.0,6.0,5.0,8.0,17.0,19.0,5.0,14.0,23.0,3.0,17.0,7.0,3.0,0.0,4.0,27.0,2.0,5.0,11.0,1.0,35.0,1.0,11.0,9.0,3.0,3.0,10.0,12.0,7.0,7.0,10.0,5.0,9.0,12.0,4.0,9.0,9.0,33.0,3.0,11.0,24.0,7.0,10.0,7.0,12.0,23.0,4.0,10.0,28.0,3.0,8.0,6.0,13.0,4.0,58.0,1.0,19.0,0,0.2145051112806711
28.0,2.0,6.0,33.0,12.0,17.0,6.0,4.0,2.0,3.0,14.0,12.0,5.0,3.0,6.0,6.0,8.0,6.0,3.0,13.0,2.0,13.0,28.0,3.0,11.0,1.0,11.0,8.0,5.0,18.0,4.0,5.0,16.0,5.0,5.0,3.0,9.0,3.0,4.0,16.0,6.0,9.0,11.0,17.0,8.0,6.0,1.0,17.0,11.0,5.0,9.0,27.0,3.0,24.0,14.0,4.0,1.0,3.0,21.0,1.0,6.0,12.0,2.0,36.0,0.0,10.0,7.0,3.0,7.0,15.0,15.0,9.0,6.0,8.0,6.0,6.0,9.0,1.0,11.0,9.0,32.0,0.0,7.0,19.0,5.0,14.0,3.0,13.0,23.0,4.0,20.0,22.0,1.0,3.0,3.0,9.0,4.0,59.0,1.0,21.0,0,0.1300432781802389
5.0,5.0,12.0,7.0,9.0,7.0,8.0,4.0,2.0,2.0,5.0,5.0,13.0,13.0,6.0,1.0,6.0,12.0,4.0,17.0,32.0,22.0,11.0,13.0,16.0,1.0,34.0,4.0,14.0,23.0,14.0,2.0,3.0,4.0,17.0,7.0,24.0,6.0,8.0,36.0,12.0,1.0,10.0,11.0,8.0,3.0,0.0,11.0,6.0,23.0,4.0,8.0,19.0,16.0,4.0,0.0,5.0,9.0,2.0,3.0,16.0,13.0,16.0,27.0,12.0,22.0,4.0,9.0,8.0,9.0,3.0,3.0,1.0,15.0,2.0,7.0,2.0,1.0,31.0,8.0,5.0,4.0,23.0,20.0,3.0,4.0,6.0,1.0,3.0,1.0,22.0,11.0,8.0,14.0,12.0,4.0,0.0,29.0,1.0,23.0,1,0.1583941696509564
11.0,17.0,12.0,3.0,6.0,17.0,30.0,3.0,10.0,8.0,7.0,19.0,5.0,4.0,0.0,1.0,1.0,12.0,26.0,3.0,36.0,11.0,21.0,42.0,7.0,4.0,15.0,12.0,5.0,5.0,3.0,15.0,5.0,17.0,9.0,1.0,12.0,6.0,5.0,28.0,4.0,4.0,6.0,21.0,3.0,0.0,7.0,5.0,8.0,22.0,25.0,20.0,5.0,3.0,15.0,2.0,9.0,12.0,6.0,3.0,0.0,3.0,33.0,10.0,2.0,3.0,13.0,4.0,7.0,1.0,4.0,6.0,13.0,6.0,2.0,14.0,1.0,7.0,5.0,8.0,16.0,9.0,3.0,8.0,2.0,15.0,3.0,22.0,9.0,9.0,1.0,7.0,8.0,42.0,2.0,7.0,16.0,21.0,6.0,11.0,2,0.1369149073034476
7.0,4.0,9.0,11.0,9.0,12.0,6.0,4.0,4.0,3.0,4.0,3.0,7.0,22.0,2.0,4.0,5.0,10.0,6.0,19.0,24.0,24.0,12.0,10.0,16.0,3.0,39.0,7.0,22.0,7.0,11.0,3.0,4.0,7.0,12.0,6.0,17.0,4.0,9.0,40.0,15.0,0.0,9.0,17.0,6.0,2.0,1.0,12.0,9.0,14.0,2.0,14.0,20.0,8.0,11.0,3.0,4.0,7.0,13.0,4.0,17.0,22.0,20.0,18.0,6.0,28.0,13.0,6.0,5.0,11.0,3.0,3.0,0.0,11.0,6.0,6.0,1.0,2.0,23.0,8.0,7.0,6.0,22.0,18.0,5.0,5.0,15.0,4.0,11.0,0.0,14.0,9.0,6.0,15.0,10.0,4.0,4.0,25.0,1.0,17.0,1,0.25761928960563424
8.0,5.0,14.0,11.0,10.0,9.0,12.0,6.0,4.0,1.0,14.0,5.0,10.0,13.0,6.0,4.0,2.0,13.0,16.0,12.0,32.0,28.0,5.0,12.0,7.0,1.0,40.0,0.0,26.0,14.0,11.0,3.0,6.0,13.0,18.0,7.0,24.0,3.0,8.0,25.0,9.0,1.0,10.0,11.0,4.0,4.0,2.0,14.0,12.0,17.0,4.0,12.0,17.0,11.0,6.0,2.0,10.0,7.0,11.0,6.0,19.0,11.0,17.0,23.0,4.0,31.0,15.0,9.0,2.0,12.0,4.0,7.0,6.0,14.0,2.0,7.0,1.0,5.0,23.0,15.0,2.0,4.0,24.0,18.0,5.0,4.0,14.0,7.0,5.0,0.0,25.0,12.0,4.0,18.0,15.0,8.0,2.0,15.0,1.0,22.0,1,0.2525333443825774
14.0,17.0,15.0,9.0,6.0,11.0,35.0,2.0,9.0,2.0,18.0,17.0,7.0,4.0,1.0,3.0,8.0,14.0,24.0,3.0,35.0,20.0,16.0,40.0,5.0,4.0,7.0,7.0,5.0,4.0,5.0,22.0,13.0,17.0,12.0,2.0,17.0,6.0,3.0,26.0,3.0,8.0,17.0,33.0,4.0,1.0,0.0,5.0,13.0,17.0,20.0,13.0,5.0,2.0,18.0,0.0,4.0,14.0,5.0,6.0,1.0,4.0,24.0,2.0,2.0,1.0,15.0,1.0,9.0,2.0,6.0,7.0,3.0,11.0,1.0,16.0,2.0,3.0,6.0,5.0,13.0,9.0,1.0,8.0,5.0,8.0,1.0,23.0,10.0,8.0,3.0,3.0,8.0,49.0,2.0,4.0,15.0,19.0,2.0,5.0,2,0.12549980326050222
7.0,15.0,10.0,2.0,6.0,10.0,44.0,2.0,7.0,6.0,18.0,12.0,5.0,4.0,0.0,2.0,4.0,12.0,26.0,3.0,37.0,18.0,19.0,31.0,7.0,11.0,10.0,14.0,4.0,3.0,6.0,14.0,11.0,19.0,14.0,0.0,9.0,5.0,1.0,30.0,9.0,4.0,16.0,44.0,1.0,1.0,3.0,7.0,8.0,13.0,16.0,10.0,7.0,6.0,19.0,2.0,7.0,15.0,6.0,2.0,0.0,3.0,19.0,3.0,4.0,6.0,21.0,2.0,3.0,2.0,7.0,6.0,9.0,10.0,0.0,20.0,2.0,7.0,4.0,10.0,14.0,7.0,7.0,10.0,8.0,13.0,4.0,14.0,6.0,13.0,4.0,6.0,1.0,36.0,1.0,7.0,16.0,14.0,5.0,7.0,2,0.12525848765791
1.0,6.0,24.0,6.0,7.0,8.0,9.0,6.0,1.0,0.0,5.0,1.0,9.0,22.0,3.0,0.0,9.0,14.0,7.0,18.0,37.0,15.0,11.0,6.0,11.0,1.0,42.0,1.0,17.0,14.0,17.0,7.0,3.0,9.0,28.0,6.0,32.0,2.0,9.0,45.0,11.0,1.0,4.0,7.0,10.0,2.0,3.0,8.0,10.0,19.0,1.0,15.0,16.0,10.0,3.0,8.0,2.0,7.0,6.0,8.0,20.0,24.0,19.0,23.0,10.0,36.0,7.0,9.0,3.0,19.0,0.0,2.0,6.0,9.0,5.0,3.0,0.0,3.0,31.0,4.0,1.0,8.0,25.0,19.0,6.0,7.0,9.0,4.0,4.0,1.0,17.0,6.0,3.0,11.0,18.0,7.0,3.0,15.0,0.0,26.0,1,0.0007405486522876536
41.0,4.0,3.0,20.0,17.0,27.0,0.0,6.0,1.0,4.0,14.0,18.0,7.0,3.0,7.0,7.0,14.0,9.0,2.0,14.0,4.0,12.0,34.0,0.0,8.0,1.0,11.0,7.0,2.0,21.0,7.0,2.0,13.0,1.0,6.0,1.0,8.0,1.0,6.0,13.0,9.0,5.0,14.0,12.0,7.0,6.0,2.0,23.0,14.0,0.0,5.0,14.0,1.0,14.0,14.0,11.0,0.0,1.0,21.0,2.0,7.0,3.0,4.0,34.0,1.0,6.0,9.0,3.0,7.0,2.0,14.0,12.0,7.0,9.0,7.0,7.0,11.0,3.0,17.0,4.0,26.0,3.0,5.0,21.0,11.0,14.0,9.0,8.0,28.0,2.0,13.0,39.0,0.0,2.0,0.0,10.0,1.0,71.0,2.0,23.0,0,0.006080317379999645
34.0,7.0,3.0,28.0,15.0,23.0,2.0,7.0,3.0,3.0,12.0,10.0,9.0,2.0,5.0,10.0,9.0,11.0,5.0,21.0,8.0,10.0,22.0,1.0,15.0,1.0,10.0,2.0,2.0,20.0,4.0,2.0,13.0,1.0,5.0,2.0,5.0,3.0,14.0,5.0,8.0,7.0,10.0,10.0,11.0,6.0,10.0,15.0,10.0,3.0,7.0,18.0,3.0,20.0,14.0,3.0,0.0,3.0,22.0,0.0,3.0,8.0,3.0,31.0,1.0,4.0,7.0,3.0,3.0,4.0,9.0,6.0,8.0,15.0,6.0,3.0,12.0,2.0,15.0,7.0,26.0,0.0,11.0,18.0,8.0,8.0,4.0,13.0,23.0,2.0,19.0,27.0,1.0,5.0,1.0,16.0,1.0,54.0,2.0,22.0,0,0.05234482807190164
5.0,7.0,19.0,11.0,6.0,12.0,14.0,5.0,0.0,1.0,4.0,0.0,11.0,9.0,6.0,1.0,7.0,5.0,9.0,15.0,26.0,21.0,18.0,11.0,6.0,0.0,36.0,5.0,20.0,17.0,13.0,3.0,5.0,3.0,21.0,6.0,17.0,6.0,11.0,33.0,8.0,0.0,5.0,9.0,6.0,4.0,2.0,16.0,9.0,22.0,6.0,18.0,11.0,8.0,4.0,3.0,9.0,9.0,9.0,7.0,15.0,10.0,10.0,14.0,9.0,28.0,14.0,6.0,4.0,9.0,4.0,3.0,3.0,15.0,3.0,4.0,1.0,2.0,29.0,8.0,10.0,8.0,15.0,16.0,6.0,10.0,4.0,1.0,12.0,3.0,25.0,10.0,3.0,20.0,10.0,5.0,5.0,13.0,1.0,31.0,1,0.23633933779804006
8.0,29.0,14.0,4.0,3.0,10.0,40.0,4.0,7.0,4.0,21.0,26.0,7.0,2.0,0.0,5.0,3.0,8.0,20.0,1.0,40.0,15.0,18.0,52.0,5.0,10.0,20.0,11.0,6.0,0.0,0.0,16.0,14.0,25.0,6.0,1.0,13.0,1.0,0.0,33.0,5.0,10.0,21.0,30.0,0.0,2.0,7.0,4.0,7.0,23.0,23.0,4.0,3.0,6.0,10.0,5.0,11.0,18.0,7.0,4.0,0.0,3.0,22.0,2.0,2.0,0.0,9.0,6.0,5.0,0.0,5.0,8.0,9.0,7.0,2.0,14.0,3.0,6.0,8.0,5.0,24.0,5.0,0.0,7.0,4.0,17.0,1.0,30.0,7.0,5.0,5.0,8.0,10.0,45.0,0.0,4.0,19.0,10.0,3.0,5.0,2,0.015128179064217305
5.0,11.0,18.0,12.0,5.0,10.0,7.0,11.0,6.0,3.0,2.0,0.0,9.0,20.0,2.0,5.0,9.0,10.0,5.0,15.0,24.0,28.0,14.0,11.0,9.0,0.0,41.0,3.0,20.0,10.0,19.0,6.0,5.0,5.0,13.0,4.0,27.0,6.0,9.0,32.0,10.0,2.0,9.0,15.0,9.0,5.0,1.0,11.0,9.0,21.0,7.0,16.0,10.0,13.0,2.0,2.0,5.0,12.0,9.0,4.0,7.0,6.0,22.0,15.0,6.0,24.0,6.0,4.0,6.0,5.0,2.0,2.0,1.0,11.0,3.0,8.0,2.0,5.0,23.0,10.0,4.0,5.0,17.0,9.0,5.0,6.0,12.0,5.0,10.0,3.0,18.0,9.0,3.0,7.0,9.0,8.0,3.0,28.0,1.0,30.0,1,0.28318903087176645
2.0,13.0,19.0,14.0,8.0,6.0,7.0,6.0,1.0,0.0,7.0,3.0,11.0,19.0,5.0,1.0,1.0,7.0,6.0,16.0,28.0,22.0,19.0,12.0,5.0,3.0,38.0,3.0,14.0,13.0,15.0,3.0,3.0,9.0,16.0,4.0,20.0,4.0,6.0,29.0,7.0,4.0,10.0,7.0,15.0,4.0,5.0,8.0,8.0,16.0,0.0,20.0,26.0,13.0,8.0,7.0,6.0,3.0,3.0,4.0,19.0,22.0,18.0,29.0,6.0,33.0,9.0,6.0,6.0,8.0,1.0,3.0,2.0,12.0,2.0,3.0,1.0,1.0,32.0,5.0,5.0,8.0,26.0,22.0,8.0,3.0,9.0,4.0,4.0,2.0,16.0,6.0,5.0,16.0,11.0,4.0,0.0,21.0,1.0,27.0,1,0.16009244142202456
25.0,3.0,6.0,23.0,17.0,16.0,2.0,5.0,3.0,0.0,14.0,9.0,4.0,6.0,5.0,4.0,7.0,10.0,6.0,10.0,3.0,10.0,30.0,0.0,7.0,2.0,6.0,4.0,2.0,16.0,11.0,0.0,14.0,0.0,5.0,3.0,14.0,5.0,17.0,12.0,3.0,9.0,14.0,11.0,7.0,2.0,5.0,19.0,13.0,1.0,10.0,16.0,3.0,21.0,13.0,9.0,0.0,6.0,33.0,1.0,5.0,8.0,3.0,18.0,3.0,9.0,5.0,3.0,6.0,6.0,8.0,9.0,5.0,9.0,5.0,9.0,9.0,3.0,17.0,5.0,38.0,2.0,3.0,23.0,4.0,8.0,10.0,13.0,25.0,0.0,14.0,33.0,0.0,4.0,1.0,12.0,2.0,63.0,3.0,25.0,0,0.04006613401249729
14.0,25.0,9.0,3.0,2.0,16.0,47.0,4.0,8.0,2.0,19.0,22.0,3.0,4.0,2.0,3.0,3.0,8.0,21.0,2.0,28.0,18.0,9.0,44.0,10.0,10.0,14.0,10.0,6.0,2.0,6.0,17.0,9.0,25.0,11.0,6.0,14.0,6.0,0.0,25.0,5.0,8.0,25.0,30.0,1.0,1.0,4.0,5.0,13.0,23.0,18.0,8.0,4.0,3.0,12.0,8.0,10.0,17.0,3.0,0.0,1.0,2.0,25.0,2.0,3.0,0.0,16.0,6.0,5.0,1.0,13.0,4.0,5.0,2.0,1.0,23.0,1.0,7.0,3.0,6.0,12.0,7.0,2.0,7.0,5.0,21.0,4.0,21.0,15.0,6.0,2.0,3.0,9.0,61.0,3.0,7.0,20.0,13.0,7.0,3.0,2,0.020114513267746548
10.0,25.0,8.0,7.0,4.0,13.0,46.0,3.0,11.0,4.0,22.0,11.0,5.0,3.0,1.0,2.0,2.0,10.0,16.0,1.0,28.0,15.0,16.0,46.0,12.0,7.0,19.0,6.0,9.0,3.0,10.0,20.0,12.0,20.0,10.0,1.0,11.0,2.0,3.0,27.0,5.0,5.0,14.0,33.0,1.0,3.0,4.0,7.0,7.0,16.0,24.0,10.0,2.0,3.0,11.0,3.0,10.0,14.0,4.0,0.0,1.0,1.0,21.0,2.0,3.0,1.0,14.0,0.0,11.0,4.0,3.0,9.0,4.0,7.0,1.0,17.0,3.0,7.0,8.0,8.0,19.0,4.0,2.0,9.0,3.0,13.0,9.0,26.0,12.0,5.0,9.0,5.0,4.0,36.0,4.0,6.0,16.0,20.0,3.0,4.0,2,0.12239675535801854
7.0,8.0,19.0,12.0,9.0,9.0,14.0,4.0,3.0,2.0,3.0,9.0,7.0,12.0,4.0,1.0,3.0,10.0,8.0,10.0,24.0,20.0,15.0,15.0,12.0,2.0,30.0,3.0,18.0,21.0,17.0,6.0,7.0,7.0,7.0,3.0,35.0,8.0,9.0,27.0,9.0,3.0,6.0,10.0,4.0,3.0,3.0,11.0,13.0,17.0,1.0,13.0,18.0,11.0,6.0,2.0,4.0,8.0,11.0,4.0,15.0,22.0,13.0,15.0,11.0,28.0,10.0,10.0,2.0,9.0,4.0,4.0,6.0,12.0,0.0,6.0,0.0,3.0,29.0,6.0,9.0,4.0,29.0,21.0,4.0,7.0,11.0,8.0,6.0,8.0,9.0,11.0,5.0,28.0,8.0,7.0,5.0,25.0,1.0,22.0,1,0.2888052823037384
28.0,5.0,5.0,22.0,10.0,19.0,1.0,2.0,3.0,4.0,4.0,11.0,3.0,4.0,6.0,3.0,2.0,6.0,8.0,9.0,6.0,8.0,33.0,2.0,11.0,2.0,8.0,5.0,4.0,20.0,11.0,3.0,5.0,2.0,16.0,0.0,8.0,4.0,12.0,4.0,3.0,11.0,18.0,19.0,7.0,5.0,2.0,20.0,12.0,3.0,11.0,25.0,1.0,19.0,23.0,5.0,1.0,2.0,29.0,0.0,4.0,12.0,3.0,32.0,3.0,6.0,11.0,0.0,6.0,8.0,18.0,8.0,11.0,7.0,5.0,7.0,11.0,2.0,20.0,9.0,37.0,2.0,10.0,23.0,8.0,18.0,4.0,14.0,23.0,5.0,13.0,37.0,0.0,7.0,1.0,10.0,1.0,65.0,3.0,16.0,0,0.08347116000109994
26.0,4.0,6.0,25.0,14.0,22.0,8.0,10.0,2.0,5.0,16.0,17.0,5.0,6.0,7.0,3.0,7.0,9.0,10.0,9.0,7.0,13.0,22.0,10.0,13.0,0.0,6.0,4.0,5.0,16.0,8.0,3.0,12.0,1.0,6.0,1.0,14.0,3.0,12.0,17.0,6.0,14.0,9.0,14.0,13.0,3.0,6.0,21.0,5.0,7.0,8.0,26.0,3.0,16.0,12.0,7.0,0.0,6.0,13.0,0.0,3.0,8.0,5.0,34.0,1.0,8.0,11.0,6.0,8.0,3.0,15.0,6.0,8.0,16.0,7.0,5.0,9.0,8.0,12.0,6.0,28.0,6.0,7.0,9.0,7.0,10.0,11.0,12.0,17.0,4.0,16.0,20.0,2.0,7.0,1.0,4.0,2.0,55.0,3.0,21.0,0,0.20998933137714462
1.0,9.0,23.0,17.0,7.0,12.0,8.0,6.0,5.0,2.0,2.0,2.0,3.0,15.0,5.0,2.0,1.0,7.0,8.0,15.0,25.0,15.0,12.0,12.0,14.0,1.0,46.0,3.0,12.0,16.0,15.0,6.0,2.0,10.0,22.0,4.0,24.0,1.0,11.0,33.0,8.0,0.0,8.0,10.0,8.0,5.0,0.0,9.0,11.0,16.0,4.0,9.0,14.0,7.0,4.0,2.0,7.0,10.0,4.0,4.0,16.0,11.0,15.0,22.0,5.0,17.0,3.0,9.0,3.0,9.0,1.0,2.0,2.0,6.0,3.0,6.0,3.0,3.0,32.0,8.0,5.0,8.0,26.0,23.0,4.0,6.0,13.0,0.0,4.0,0.0,30.0,9.0,5.0,21.0,13.0,10.0,5.0,18.0,0.0,23.0,1,0.18973847227262589
7.0,11.0,21.0,10.0,3.0,7.0,10.0,5.0,2.0,1.0,8.0,9.0,5.0,15.0,3.0,1.0,5.0,8.0,4.0,15.0,21.0,11.0,15.0,7.0,16.0,2.0,36.0,6.0,16.0,6.0,20.0,5.0,9.0,9.0,12.0,2.0,23.0,7.0,7.0,31.0,9.0,1.0,9.0,9.0,6.0,2.0,5.0,11.0,17.0,28.0,2.0,20.0,11.0,9.0,6.0,4.0,6.0,10.0,6.0,4.0,21.0,11.0,15.0,20.0,6.0,26.0,15.0,10.0,7.0,11.0,3.0,3.0,0.0,11.0,3.0,7.0,2.0,2.0,24.0,5.0,7.0,8.0,22.0,13.0,3.0,8.0,14.0,4.0,9.0,3.0,15.0,7.0,6.0,13.0,12.0,11.0,6.0,26.0,3.0,21.0,1,0.26761845907235593
36.0,4.0,6.0,26.0,21.0,22.0,2.0,5.0,3.0,3.0,9.0,6.0,7.0,5.0,9.0,8.0,6.0,9.0,3.0,16.0,2.0,12.0,35.0,0.0,12.0,0.0,7.0,7.0,0.0,26.0,8.0,4.0,10.0,2.0,6.0,0.0,14.0,4.0,6.0,14.0,8.0,10.0,11.0,21.0,6.0,5.0,1.0,11.0,14.0,4.0,2.0,18.0,2.0,24.0,15.0,8.0,0.0,4.0,22.0,1.0,10.0,10.0,0.0,36.0,1.0,10.0,11.0,3.0,6.0,5.0,9.0,6.0,4.0,12.0,5.0,7.0,10.0,1.0,8.0,13.0,21.0,4.0,2.0,20.0,10.0,13.0,5.0,15.0,41.0,2.0,22.0,30.0,1.0,2.0,0.0,17.0,1.0,60.0,2.0,19.0,0,0.02108213834162991
46.0,4.0,6.0,35.0,15.0,20.0,0.0,9.0,3.0,1.0,13.0,6.0,4.0,11.0,4.0,4.0,8.0,7.0,5.0,12.0,10.0,7.0,20.0,5.0,9.0,2.0,9.0,10.0,5.0,21.0,8.0,3.0,11.0,2.0,6.0,1.0,9.0,3.0,8.0,17.0,7.0,9.0,17.0,23.0,7.0,8.0,5.0,13.0,10.0,6.0,9.0,25.0,2.0,20.0,17.0,6.0,1.0,0.0,17.0,0.0,6.0,14.0,3.0,44.0,0.0,10.0,3.0,6.0,3.0,4.0,11.0,6.0,3.0,9.0,3.0,9.0,5.0,2.0,17.0,3.0,23.0,5.0,5.0,13.0,9.0,12.0,2.0,12.0,27.0,3.0,11.0,26.0,0.0,14.0,1.0,9.0,2.0,43.0,1.0,21.0,0,0.16765484261056873
5.0,10.0,13.0,8.0,8.0,10.0,11.0,5.0,2.0,3.0,2.0,2.0,8.0,15.0,0.0,1.0,1.0,10.0,8.0,9.0,30.0,17.0,14.0,9.0,6.0,2.0,31.0,0.0,20.0,18.0,12.0,4.0,3.0,7.0,20.0,7.0,21.0,4.0,14.0,41.0,10.0,0.0,9.0,4.0,4.0,2.0,3.0,2.0,15.0,18.0,3.0,16.0,17.0,10.0,4.0,4.0,1.0,12.0,6.0,8.0,11.0,28.0,18.0,25.0,7.0,36.0,21.0,8.0,4.0,13.0,4.0,4.0,2.0,5.0,5.0,7.0,0.0,6.0,29.0,5.0,3.0,12.0,28.0,16.0,7.0,5.0,16.0,9.0,9.0,1.0,13.0,6.0,6.0,16.0,9.0,11.0,4.0,16.0,3.0,25.0,1,0.20256575800769178
23.0,8.0,7.0,21.0,16.0,15.0,6.0,4.0,6.0,4.0,8.0,12.0,7.0,6.0,11.0,2.0,10.0,8.0,9.0,18.0,8.0,10.0,30.0,9.0,14.0,4.0,15.0,10.0,6.0,18.0,13.0,5.0,12.0,7.0,9.0,3.0,8.0,3.0,5.0,18.0,3.0,9.0,13.0,21.0,8.0,5.0,1.0,13.0,11.0,6.0,9.0,25.0,9.0,15.0,15.0,5.0,3.0,8.0,19.0,1.0,4.0,10.0,8.0,22.0,3.0,5.0,6.0,3.0,4.0,2.0,8.0,5.0,3.0,12.0,5.0,8.0,5.0,1.0,19.0,9.0,29.0,1.0,11.0,9.0,7.0,16.0,4.0,10.0,22.0,2.0,15.0,25.0,4.0,13.0,6.0,10.0,6.0,39.0,7.0,21.0,0,0.29132933622567625
6.0,12.0,12.0,11.0,10.0,5.0,9.0,3.0,2.0,2.0,6.0,5.0,6.0,17.0,2.0,2.0,3.0,4.0,5.0,20.0,28.0,20.0,22.0,17.0,9.0,2.0,32.0,3.0,23.0,15.0,18.0,3.0,4.0,5.0,23.0,1.0,24.0,5.0,8.0,34.0,9.0,3.0,9.0,14.0,8.0,3.0,0.0,10.0,17.0,22.0,3.0,8.0,13.0,12.0,6.0,6.0,10.0,7.0,5.0,5.0,8.0,13.0,14.0,19.0,7.0,18.0,11.0,9.0,5.0,11.0,2.0,3.0,2.0,12.0,2.0,3.0,0.0,2.0,28.0,11.0,4.0,4.0,12.0,21.0,7.0,8.0,10.0,4.0,2.0,5.0,23.0,6.0,6.0,17.0,18.0,10.0,4.0,19.0,1.0,22.0,1,0.20625318420116115
11.0,22.0,10.0,3.0,7.0,8.0,37.0,2.0,13.0,6.0,17.0,16.0,4.0,6.0,1.0,6.0,7.0,17.0,29.0,0.0,29.0,19.0,14.0,59.0,5.0,5.0,9.0,8.0,6.0,2.0,4.0,25.0,10.0,22.0,9.0,3.0,6.0,4.0,0.0,25.0,10.0,10.0,17.0,47.0,1.0,2.0,6.0,3.0,7.0,13.0,28.0,8.0,4.0,0.0,20.0,0.0,15.0,19.0,2.0,3.0,2.0,1.0,23.0,2.0,2.0,1.0,14.0,6.0,8.0,0.0,7.0,4.0,6.0,2.0,0.0,15.0,1.0,13.0,7.0,5.0,16.0,13.0,4.0,4.0,4.0,20.0,2.0,21.0,10.0,12.0,3.0,1.0,6.0,44.0,1.0,7.0,20.0,10.0,3.0,8.0,2,0.016102453265523554
26.0,6.0,14.0,25.0,4.0,17.0,7.0,4.0,2.0,4.0,10.0,8.0,5.0,4.0,8.0,3.0,7.0,6.0,9.0,19.0,7.0,16.0,24.0,11.0,9.0,2.0,12.0,14.0,1.0,16.0,12.0,3.0,9.0,6.0,8.0,3.0,13.0,4.0,14.0,20.0,6.0,9.0,7.0,11.0,9.0,6.0,4.0,18.0,7.0,12.0,8.0,23.0,5.0,12.0,20.0,9.0,3.0,1.0,21.0,1.0,6.0,10.0,13.0,35.0,1.0,9.0,8.0,2.0,6.0,2.0,8.0,10.0,2.0,9.0,6.0,10.0,11.0,4.0,11.0,7.0,22.0,4.0,9.0,14.0,6.0,11.0,5.0,12.0,21.0,0.0,12.0,29.0,1.0,7.0,3.0,6.0,2.0,49.0,3.0,13.0,0,0.29920394802260436
2.0,4.0,13.0,10.0,7.0,7.0,8.0,4.0,5.0,0.0,7.0,2.0,6.0,22.0,6.0,3.0,4.0,4.0,6.0,21.0,26.0,21.0,11.0,13.0,9.0,0.0,28.0,5.0,15.0,13.0,15.0,2.0,7.0,6.0,18.0,4.0,29.0,6.0,7.0,29.0,5.0,2.0,5.0,10.0,7.0,2.0,3.0,11.0,14.0,19.0,6.0,9.0,12.0,12.0,6.0,3.0,6.0,6.0,10.0,6.0,14.0,18.0,15.0,25.0,5.0,22.0,17.0,6.0,1.0,11.0,4.0,0.0,2.0,12.0,6.0,6.0,2.0,5.0,24.0,9.0,7.0,6.0,21.0,14.0,5.0,8.0,11.0,5.0,6.0,3.0,19.0,9.0,7.0,21.0,12.0,5.0,3.0,24.0,0.0,30.0,1,0.2664126618403092
34.0,6.0,8.0,28.0,13.0,26.0,2.0,3.0,0.0,1.0,17.0,15.0,12.0,6.0,6.0,8.0,11.0,13.0,3.0,10.0,3.0,13.0,28.0,2.0,9.0,3.0,12.0,6.0,4.0,13.0,8.0,4.0,12.0,4.0,7.0,2.0,8.0,4.0,6.0,12.0,8.0,8.0,19.0,12.0,9.0,6.0,4.0,18.0,7.0,7.0,5.0,19.0,0.0,18.0,12.0,7.0,0.0,2.0,32.0,1.0,4.0,9.0,1.0,29.0,3.0,5.0,5.0,3.0,4.0,7.0,18.0,9.0,7.0,8.0,8.0,8.0,5.0,2.0,14.0,8.0,38.0,1.0,8.0,15.0,8.0,10.0,7.0,11.0,19.0,2.0,14.0,27.0,1.0,5.0,2.0,9.0,2.0,40.0,4.0,18.0,0,0.11017572844641338
31.0,3.0,6.0,23.0,16.0,22.0,0.0,3.0,5.0,3.0,17.0,12.0,8.0,4.0,6.0,7.0,9.0,10.0,7.0,7.0,9.0,7.0,30.0,3.0,8.0,3.0,11.0,8.0,5.0,22.0,6.0,5.0,11.0,1.0,7.0,2.0,9.0,4.0,7.0,17.0,5.0,11.0,15.0,16.0,8.0,5.0,4.0,18.0,7.0,3.0,5.0,24.0,3.0,9.0,16.0,7.0,1.0,3.0,19.0,3.0,4.0,5.0,3.0,40.0,1.0,9.0,13.0,3.0,4.0,9.0,10.0,10.0,5.0,17.0,6.0,8.0,8.0,2.0,14.0,9.0,27.0,1.0,3.0,26.0,11.0,16.0,4.0,14.0,23.0,4.0,12.0,29.0,0.0,11.0,3.0,14.0,2.0,57.0,5.0,20.0,0,0.12732409734835426
14.0,29.0,12.0,5.0,3.0,9.0,34.0,3.0,8.0,4.0,16.0,17.0,5.0,5.0,3.0,4.0,2.0,9.0,21.0,4.0,38.0,20.0,17.0,50.0,8.0,11.0,16.0,5.0,3.0,4.0,7.0,12.0,17.0,26.0,13.0,4.0,13.0,2.0,2.0,35.0,4.0,7.0,11.0,30.0,2.0,3.0,8.0,4.0,10.0,22.0,29.0,15.0,4.0,4.0,11.0,3.0,5.0,14.0,6.0,1.0,1.0,2.0,17.0,5.0,2.0,1.0,16.0,1.0,6.0,1.0,5.0,13.0,4.0,2.0,1.0,15.0,2.0,5.0,4.0,6.0,19.0,10.0,4.0,9.0,9.0,17.0,10.0,22.0,6.0,10.0,4.0,4.0,5.0,46.0,3.0,6.0,18.0,16.0,0.0,2.0,2,0.05811404041638149
14.0,19.0,7.0,4.0,5.0,11.0,44.0,6.0,7.0,7.0,7.0,19.0,7.0,2.0,4.0,1.0,2.0,5.0,18.0,3.0,29.0,15.0,10.0,46.0,8.0,12.0,18.0,2.0,9.0,1.0,4.0,20.0,17.0,13.0,11.0,2.0,11.0,4.0,2.0,22.0,7.0,3.0,10.0,32.0,0.0,1.0,8.0,4.0,16.0,25.0,18.0,10.0,9.0,1.0,15.0,5.0,9.0,15.0,5.0,4.0,0.0,2.0,25.0,5.0,3.0,2.0,12.0,3.0,6.0,3.0,6.0,9.0,10.0,5.0,2.0,12.0,1.0,7.0,6.0,9.0,14.0,9.0,5.0,7.0,4.0,9.0,6.0,25.0,10.0,7.0,0.0,2.0,13.0,32.0,2.0,8.0,17.0,18.0,3.0,7.0,2,0.06550065650749701
7.0,3.0,15.0,11.0,5.0,9.0,7.0,3.0,1.0,0.0,6.0,2.0,6.0,14.0,1.0,3.0,6.0,9.0,11.0,13.0,34.0,14.0,17.0,14.0,8.0,1.0,31.0,3.0,20.0,18.0,14.0,1.0,1.0,9.0,20.0,4.0,25.0,2.0,12.0,29.0,14.0,1.0,8.0,7.0,1.0,5.0,1.0,15.0,10.0,22.0,2.0,13.0,20.0,11.0,2.0,1.0,7.0,7.0,10.0,8.0,16.0,15.0,18.0,21.0,14.0,33.0,16.0,7.0,5.0,7.0,3.0,3.0,4.0,11.0,2.0,8.0,0.0,5.0,29.0,11.0,9.0,10.0,21.0,18.0,9.0,6.0,10.0,5.0,4.0,0.0,25.0,10.0,6.0,15.0,15.0,6.0,3.0,24.0,0.0,21.0,1,0.16141775796125654
8.0,16.0,6.0,6.0,1.0,8.0,31.0,8.0,6.0,7.0,13.0,16.0,10.0,7.0,1.0,1.0,3.0,10.0,18.0,4.0,37.0,15.0,15.0,41.0,7.0,11.0,13.0,9.0,5.0,4.0,5.0,21.0,8.0,17.0,5.0,2.0,15.0,5.0,1.0,38.0,6.0,7.0,11.0,30.0,3.0,2.0,4.0,4.0,9.0,23.0,23.0,18.0,6.0,8.0,6.0,5.0,6.0,13.0,5.0,3.0,5.0,8.0,19.0,7.0,3.0,5.0,7.0,3.0,10.0,4.0,3.0,5.0,5.0,8.0,1.0,11.0,5.0,3.0,6.0,3.0,17.0,13.0,4.0,10.0,5.0,15.0,3.0,28.0,12.0,6.0,7.0,3.0,8.0,47.0,1.0,4.0,15.0,16.0,4.0,7.0,2,0.16948984929652305
31.0,7.0,6.0,19.0,12.0,25.0,5.0,7.0,5.0,7.0,20.0,19.0,5.0,7.0,8.0,5.0,9.0,10.0,6.0,15.0,8.0,8.0,28.0,4.0,10.0,2.0,9.0,2.0,2.0,25.0,12.0,3.0,11.0,5.0,6.0,3.0,6.0,2.0,8.0,17.0,13.0,10.0,12.0,17.0,10.0,3.0,5.0,10.0,12.0,9.0,14.0,25.0,2.0,19.0,17.0,10.0,3.0,3.0,22.0,2.0,6.0,14.0,5.0,35.0,3.0,10.0,11.0,2.0,5.0,7.0,13.0,7.0,2.0,11.0,2.0,6.0,11.0,0.0,15.0,5.0,29.0,6.0,8.0,22.0,12.0,10.0,5.0,13.0,15.0,2.0,18.0,26.0,1.0,7.0,3.0,15.0,2.0,50.0,8.0,20.0,0,0.1720306115057821
35.0,3.0,11.0,25.0,10.0,20.0,5.0,4.0,5.0,4.0,16.0,14.0,6.0,7.0,8.0,4.0,5.0,7.0,5.0,7.0,2.0,5.0,33.0,7.0,12.0,3.0,9.0,9.0,5.0,21.0,9.0,5.0,16.0,2.0,7.0,1.0,8.0,3.0,10.0,14.0,4.0,5.0,14.0,18.0,6.0,6.0,3.0,18.0,8.0,8.0,9.0,18.0,4.0,16.0,13.0,6.0,0.0,3.0,17.0,0.0,4.0,12.0,5.0,35.0,2.0,7.0,3.0,4.0,4.0,7.0,17.0,5.0,8.0,11.0,3.0,15.0,9.0,0.0,12.0,6.0,27.0,2.0,12.0,19.0,8.0,17.0,4.0,8.0,25.0,3.0,18.0,28.0,4.0,2.0,2.0,7.0,3.0,49.0,2.0,24.0,0,0.16309042577796243
25.0,4.0,3.0,21.0,10.0,14.0,3.0,4.0,3.0,2.0,14.0,9.0,5.0,4.0,6.0,8.0,8.0,7.0,8.0,10.0,17.0,12.0,28.0,1.0,14.0,0.0,11.0,6.0,2.0,20.0,10.0,4.0,10.0,5.0,8.0,0.0,8.0,7.0,8.0,22.0,7.0,6.0,10.0,18.0,9.0,3.0,1.0,17.0,6.0,8.0,11.0,30.0,5.0,13.0,15.0,4.0,1.0,0.0,20.0,0.0,6.0,6.0,4.0,45.0,1.0,11.0,10.0,2.0,5.0,8.0,10.0,12.0,4.0,9.0,0.0,13.0,4.0,3.0,17.0,10.0,34.0,2.0,10.0,23.0,14.0,8.0,2.0,15.0,27.0,4.0,17.0,26.0,1.0,8.0,6.0,13.0,5.0,46.0,5.0,25.0,0,0.20036584731980642
10.0,30.0,10.0,4.0,5.0,5.0,34.0,2.0,4.0,3.0,11.0,16.0,4.0,4.0,2.0,3.0,4.0,13.0,25.0,6.0,33.0,16.0,19.0,35.0,6.0,11.0,10.0,6.0,1.0,4.0,6.0,14.0,13.0,18.0,9.0,4.0,14.0,5.0,3.0,21.0,8.0,7.0,8.0,32.0,2.0,2.0,4.0,4.0,5.0,19.0,23.0,5.0,1.0,4.0,20.0,4.0,7.0,18.0,1.0,4.0,1.0,5.0,21.0,3.0,3.0,3.0,13.0,4.0,8.0,5.0,8.0,7.0,9.0,7.0,1.0,19.0,3.0,3.0,11.0,5.0,18.0,15.0,9.0,10.0,3.0,9.0,3.0,21.0,12.0,15.0,3.0,8.0,3.0,45.0,0.0,4.0,26.0,14.0,2.0,9.0,2,0.1144830477445194
14.0,26.0,8.0,11.0,3.0,9.0,29.0,1.0,6.0,2.0,9.0,18.0,9.0,2.0,2.0,3.0,7.0,11.0,23.0,1.0,25.0,11.0,11.0,33.0,11.0,5.0,11.0,7.0,12.0,8.0,4.0,11.0,8.0,20.0,8.0,4.0,16.0,10.0,1.0,26.0,5.0,9.0,18.0,32.0,3.0,4.0,3.0,11.0,8.0,8.0,13.0,15.0,6.0,2.0,13.0,3.0,9.0,12.0,3.0,0.0,2.0,7.0,24.0,4.0,6.0,6.0,12.0,3.0,8.0,1.0,2.0,10.0,7.0,5.0,2.0,20.0,1.0,9.0,12.0,5.0,18.0,6.0,11.0,10.0,7.0,7.0,7.0,17.0,12.0,14.0,5.0,9.0,7.0,34.0,2.0,3.0,12.0,25.0,2.0,6.0,2,0.29308036316347763
16.0,22.0,10.0,6.0,4.0,9.0,47.0,4.0,12.0,3.0,15.0,13.0,3.0,7.0,1.0,3.0,3.0,11.0,23.0,4.0,24.0,13.0,14.0,38.0,5.0,6.0,15.0,5.0,3.0,3.0,6.0,13.0,8.0,19.0,8.0,2.0,17.0,8.0,0.0,27.0,9.0,3.0,22.0,22.0,1.0,0.0,6.0,6.0,11.0,24.0,20.0,15.0,2.0,2.0,12.0,3.0,11.0,14.0,4.0,0.0,0.0,3.0,24.0,1.0,4.0,0.0,16.0,2.0,6.0,2.0,6.0,9.0,6.0,9.0,0.0,12.0,2.0,4.0,6.0,9.0,13.0,7.0,1.0,16.0,5.0,7.0,4.0,26.0,12.0,7.0,5.0,3.0,5.0,50.0,4.0,4.0,19.0,12.0,7.0,2.0,2,0.07492581741896429
15.0,21.0,14.0,14.0,9.0,5.0,23.0,4.0,6.0,5.0,13.0,11.0,8.0,6.0,2.0,6.0,5.0,14.0,18.0,5.0,27.0,11.0,17.0,33.0,6.0,6.0,19.0,11.0,5.0,3.0,4.0,14.0,12.0,17.0,11.0,2.0,19.0,3.0,3.0,34.0,9.0,6.0,13.0,28.0,2.0,7.0,4.0,8.0,9.0,21.0,19.0,14.0,4.0,2.0,14.0,2.0,9.0,13.0,4.0,0.0,2.0,2.0,18.0,14.0,6.0,6.0,13.0,3.0,4.0,1.0,2.0,8.0,6.0,8.0,1.0,18.0,4.0,5.0,8.0,2.0,11.0,9.0,7.0,6.0,4.0,12.0,5.0,15.0,10.0,7.0,5.0,5.0,6.0,40.0,1.0,4.0,10.0,20.0,2.0,5.0,2,0.24335866147592844
12.0,30.0,13.0,7.0,3.0,10.0,34.0,2.0,4.0,5.0,18.0,19.0,8.0,3.0,3.0,0.0,5.0,9.0,23.0,3.0,42.0,10.0,16.0,29.0,7.0,3.0,11.0,4.0,5.0,3.0,4.0,10.0,7.0,25.0,17.0,6.0,11.0,6.0,0.0,24.0,10.0,4.0,17.0,37.0,1.0,1.0,5.0,0.0,9.0,15.0,19.0,10.0,4.0,0.0,16.0,6.0,4.0,14.0,3.0,0.0,0.0,3.0,23.0,6.0,1.0,2.0,8.0,3.0,12.0,1.0,9.0,11.0,11.0,8.0,1.0,15.0,4.0,9.0,10.0,8.0,15.0,11.0,5.0,7.0,2.0,24.0,1.0,14.0,8.0,4.0,6.0,5.0,8.0,39.0,1.0,1.0,15.0,18.0,4.0,8.0,2,0.09915144188241373
12.0,24.0,14.0,1.0,4.0,6.0,41.0,3.0,11.0,5.0,14.0,29.0,8.0,3.0,0.0,3.0,8.0,14.0,22.0,4.0,35.0,9.0,19.0,37.0,5.0,13.0,12.0,9.0,4.0,6.0,6.0,19.0,11.0,16.0,10.0,3.0,15.0,3.0,1.0,33.0,11.0,5.0,15.0,30.0,2.0,2.0,4.0,4.0,8.0,15.0,20.0,12.0,4.0,3.0,23.0,2.0,9.0,12.0,6.0,1.0,0.0,7.0,25.0,3.0,3.0,2.0,18.0,1.0,9.0,0.0,7.0,9.0,5.0,7.0,5.0,25.0,1.0,7.0,2.0,6.0,10.0,7.0,3.0,8.0,5.0,13.0,4.0,23.0,8.0,6.0,4.0,4.0,11.0,48.0,3.0,6.0,22.0,21.0,7.0,6.0,2,0.06437949028696019
14.0,15.0,13.0,12.0,6.0,10.0,27.0,2.0,7.0,6.0,15.0,20.0,7.0,6.0,3.0,3.0,5.0,14.0,13.0,4.0,25.0,18.0,21.0,26.0,5.0,3.0,18.0,8.0,5.0,13.0,11.0,19.0,11.0,12.0,5.0,3.0,11.0,2.0,4.0,29.0,8.0,5.0,13.0,31.0,3.0,4.0,5.0,6.0,16.0,12.0,14.0,8.0,4.0,9.0,23.0,6.0,15.0,18.0,4.0,2.0,1.0,6.0,23.0,12.0,5.0,1.0,13.0,2.0,10.0,4.0,5.0,5.0,2.0,4.0,2.0,12.0,3.0,8.0,8.0,8.0,15.0,6.0,5.0,16.0,5.0,23.0,12.0,22.0,6.0,7.0,10.0,3.0,6.0,38.0,2.0,5.0,9.0,15.0,3.0,13.0,2,0.2913642477707411
11.0,10.0,12.0,8.0,8.0,9.0,13.0,10.0,3.0,2.0,2.0,1.0,7.0,10.0,4.0,0.0,5.0,13.0,6.0,20.0,40.0,25.0,15.0,7.0,17.0,0.0,43.0,0.0,21.0,22.0,19.0,4.0,4.0,8.0,17.0,5.0,42.0,3.0,8.0,46.0,11.0,0.0,5.0,6.0,10.0,1.0,3.0,11.0,11.0,24.0,4.0,22.0,12.0,10.0,2.0,4.0,3.0,5.0,4.0,8.0,12.0,23.0,13.0,22.0,14.0,33.0,13.0,7.0,6.0,11.0,2.0,1.0,0.0,7.0,2.0,5.0,1.0,1.0,31.0,6.0,3.0,6.0,25.0,20.0,10.0,3.0,15.0,3.0,5.0,1.0,20.0,3.0,11.0,13.0,14.0,2.0,1.0,16.0,1.0,27.0,1,0.07566888318399691
26.0,2.0,6.0,31.0,15.0,12.0,7.0,2.0,6.0,2.0,9.0,12.0,7.0,10.0,2.0,11.0,7.0,11.0,3.0,8.0,12.0,10.0,28.0,5.0,8.0,1.0,6.0,6.0,7.0,13.0,9.0,2.0,8.0,9.0,10.0,0.0,9.0,4.0,7.0,12.0,7.0,7.0,16.0,15.0,8.0,2.0,2.0,15.0,13.0,5.0,7.0,16.0,5.0,12.0,11.0,8.0,3.0,7.0,15.0,0.0,7.0,12.0,8.0,28.0,2.0,12.0,12.0,4.0,5.0,12.0,11.0,8.0,5.0,9.0,4.0,5.0,4.0,4.0,15.0,13.0,26.0,3.0,7.0,20.0,4.0,8.0,8.0,9.0,20.0,5.0,13.0,23.0,3.0,12.0,1.0,9.0,7.0,38.0,3.0,23.0,0,0.2926237500303063
5.0,4.0,23.0,3.0,4.0,9.0,14.0,8.0,2.0,2.0,4.0,2.0,2.0,21.0,3.0,0.0,5.0,9.0,1.0,14.0,32.0,20.0,13.0,7.0,8.0,1.0,32.0,6.0,19.0,11.0,18.0,2.0,4.0,5.0,12.0,3.0,22.0,6.0,8.0,28.0,10.0,4.0,3.0,7.0,6.0,6.0,1.0,12.0,15.0,22.0,5.0,18.0,18.0,9.0,4.0,5.0,5.0,8.0,6.0,5.0,10.0,17.0,22.0,14.0,10.0,34.0,6.0,11.0,3.0,7.0,1.0,2.0,2.0,4.0,3.0,6.0,1.0,3.0,29.0,6.0,1.0,7.0,26.0,13.0,9.0,3.0,10.0,6.0,8.0,0.0,27.0,8.0,5.0,10.0,21.0,8.0,5.0,19.0,0.0,22.0,1,0.1438405922581668
3.0,6.0,20.0,11.0,7.0,4.0,10.0,8.0,2.0,6.0,2.0,1.0,3.0,21.0,4.0,0.0,10.0,12.0,7.0,12.0,25.0,19.0,15.0,0.0,12.0,0.0,33.0,0.0,17.0,19.0,13.0,0.0,2.0,3.0,20.0,8.0,24.0,3.0,9.0,40.0,10.0,1.0,2.0,7.0,7.0,6.0,1.0,10.0,8.0,20.0,2.0,11.0,21.0,15.0,5.0,3.0,4.0,5.0,6.0,5.0,19.0,24.0,19.0,25.0,7.0,28.0,10.0,12.0,4.0,11.0,1.0,0.0,2.0,17.0,4.0,6.0,0.0,3.0,38.0,6.0,1.0,6.0,34.0,27.0,3.0,6.0,14.0,2.0,3.0,0.0,25.0,7.0,12.0,14.0,15.0,3.0,5.0,12.0,1.0,27.0,1,0.007992858606682252
25.0,1.0,4.0,25.0,13.0,13.0,1.0,6.0,4.0,1.0,10.0,11.0,9.0,4.0,8.0,7.0,7.0,14.0,8.0,20.0,9.0,11.0,28.0,4.0,10.0,0.0,12.0,8.0,3.0,22.0,15.0,6.0,12.0,2.0,5.0,3.0,10.0,2.0,12.0,13.0,8.0,16.0,16.0,13.0,6.0,6.0,7.0,12.0,11.0,3.0,8.0,24.0,3.0,20.0,13.0,13.0,0.0,4.0,16.0,0.0,8.0,13.0,7.0,40.0,3.0,8.0,12.0,4.0,2.0,5.0,11.0,10.0,3.0,11.0,7.0,10.0,10.0,1.0,9.0,8.0,31.0,2.0,7.0,28.0,9.0,16.0,6.0,12.0,26.0,3.0,7.0,29.0,3.0,4.0,2.0,12.0,3.0,58.0,2.0,23.0,0,0.12699224587604804
6.0,7.0,18.0,7.0,8.0,2.0,7.0,3.0,3.0,1.0,4.0,4.0,12.0,12.0,4.0,0.0,6.0,10.0,4.0,12.0,36.0,21.0,17.0,11.0,5.0,1.0,33.0,2.0,20.0,13.0,11.0,4.0,5.0,4.0,15.0,3.0,16.0,1.0,9.0,39.0,10.0,1.0,8.0,9.0,8.0,7.0,3.0,10.0,13.0,11.0,7.0,19.0,12.0,11.0,4.0,0.0,6.0,7.0,10.0,6.0,20.0,25.0,21.0,18.0,7.0,25.0,9.0,6.0,2.0,12.0,1.0,2.0,1.0,9.0,1.0,6.0,0.0,4.0,38.0,6.0,8.0,6.0,18.0,19.0,1.0,3.0,9.0,4.0,4.0,3.0,14.0,7.0,6.0,17.0,10.0,4.0,8.0,18.0,0.0,28.0,1,0.22244310992546498
27.0,5.0,5.0,15.0,19.0,13.0,1.0,6.0,2.0,2.0,16.0,9.0,3.0,2.0,6.0,4.0,3.0,6.0,6.0,15.0,2.0,6.0,32.0,2.0,14.0,0.0,6.0,6.0,2.0,19.0,11.0,2.0,12.0,1.0,7.0,0.0,16.0,2.0,10.0,9.0,7.0,13.0,21.0,12.0,11.0,8.0,4.0,21.0,12.0,7.0,6.0,20.0,2.0,10.0,20.0,6.0,1.0,3.0,21.0,0.0,2.0,14.0,4.0,37.0,3.0,8.0,7.0,4.0,6.0,5.0,18.0,7.0,7.0,20.0,7.0,9.0,12.0,1.0,11.0,6.0,33.0,0.0,5.0,17.0,8.0,8.0,7.0,9.0,24.0,4.0,12.0,28.0,0.0,4.0,0.0,15.0,0.0,58.0,3.0,25.0,0,0.0527584931903903
34.0,1.0,8.0,36.0,8.0,21.0,3.0,6.0,0.0,2.0,13.0,8.0,6.0,7.0,7.0,7.0,2.0,11.0,4.0,14.0,4.0,14.0,23.0,5.0,12.0,1.0,7.0,12.0,6.0,21.0,8.0,2.0,12.0,1.0,10.0,1.0,8.0,0.0,7.0,12.0,1.0,10.0,17.0,17.0,8.0,3.0,4.0,17.0,11.0,2.0,12.0,25.0,2.0,15.0,11.0,14.0,2.0,2.0,24.0,0.0,10.0,5.0,4.0,37.0,3.0,6.0,9.0,0.0,6.0,10.0,13.0,12.0,5.0,9.0,9.0,4.0,6.0,2.0,12.0,9.0,39.0,3.0,5.0,21.0,15.0,7.0,6.0,6.0,31.0,4.0,11.0,35.0,3.0,6.0,2.0,13.0,2.0,58.0,8.0,22.0,0,0.1025877387787212
27.0,7.0,8.0,13.0,13.0,20.0,5.0,2.0,2.0,3.0,12.0,8.0,2.0,5.0,8.0,4.0,8.0,6.0,10.0,8.0,13.0,10.0,24.0,6.0,12.0,2.0,8.0,8.0,4.0,16.0,6.0,7.0,13.0,4.0,7.0,1.0,10.0,2.0,10.0,16.0,7.0,7.0,18.0,11.0,6.0,2.0,4.0,18.0,7.0,9.0,9.0,22.0,4.0,21.0,16.0,8.0,3.0,2.0,23.0,0.0,4.0,12.0,10.0,31.0,1.0,6.0,10.0,2.0,7.0,8.0,14.0,14.0,9.0,5.0,5.0,7.0,5.0,3.0,12.0,3.0,30.0,7.0,6.0,27.0,3.0,11.0,4.0,12.0,29.0,4.0,10.0,27.0,2.0,12.0,4.0,14.0,2.0,38.0,3.0,26.0,0,0.2531368852643063
10.0,30.0,10.0,7.0,8.0,13.0,27.0,3.0,7.0,5.0,11.0,19.0,4.0,6.0,2.0,1.0,6.0,6.0,23.0,2.0,33.0,20.0,17.0,37.0,6.0,10.0,14.0,4.0,6.0,2.0,6.0,10.0,9.0,19.0,5.0,5.0,11.0,2.0,2.0,26.0,10.0,4.0,13.0,33.0,4.0,3.0,7.0,6.0,8.0,18.0,19.0,18.0,4.0,8.0,17.0,4.0,9.0,23.0,4.0,8.0,3.0,7.0,20.0,2.0,2.0,6.0,16.0,4.0,6.0,7.0,3.0,7.0,11.0,5.0,1.0,11.0,0.0,9.0,7.0,5.0,15.0,4.0,3.0,12.0,6.0,12.0,0.0,13.0,16.0,8.0,5.0,7.0,12.0,46.0,4.0,3.0,25.0,15.0,2.0,3.0,2,0.19969426690847267
19.0,20.0,10.0,3.0,4.0,10.0,31.0,4.0,2.0,1.0,16.0,23.0,11.0,5.0,4.0,2.0,2.0,9.0,19.0,4.0,27.0,14.0,16.0,46.0,8.0,6.0,20.0,12.0,7.0,3.0,6.0,16.0,13.0,14.0,10.0,3.0,18.0,3.0,3.0,31.0,8.0,6.0,15.0,38.0,0.0,2.0,1.0,4.0,4.0,28.0,17.0,13.0,6.0,11.0,18.0,2.0,7.0,14.0,7.0,5.0,1.0,1.0,26.0,3.0,6.0,7.0,14.0,6.0,11.0,3.0,5.0,2.0,6.0,7.0,2.0,13.0,0.0,12.0,7.0,3.0,25.0,6.0,6.0,9.0,4.0,8.0,2.0,13.0,11.0,4.0,5.0,4.0,7.0,45.0,2.0,4.0,12.0,19.0,8.0,10.0,2,0.15531450678333628
3.0,11.0,23.0,5.0,5.0,11.0,8.0,7.0,4.0,4.0,2.0,9.0,4.0,16.0,6.0,0.0,11.0,9.0,9.0,9.0,33.0,27.0,13.0,8.0,11.0,1.0,35.0,4.0,21.0,14.0,19.0,3.0,4.0,9.0,16.0,3.0,14.0,4.0,6.0,33.0,15.0,1.0,4.0,8.0,8.0,2.0,1.0,10.0,13.0,11.0,1.0,13.0,13.0,11.0,0.0,5.0,2.0,10.0,11.0,2.0,16.0,20.0,10.0,22.0,15.0,24.0,19.0,9.0,3.0,9.0,1.0,1.0,5.0,11.0,4.0,11.0,1.0,5.0,28.0,9.0,4.0,10.0,23.0,15.0,7.0,4.0,13.0,7.0,6.0,2.0,16.0,10.0,8.0,16.0,7.0,4.0,0.0,26.0,0.0,27.0,1,0.18213110614543387
13.0,15.0,6.0,4.0,5.0,5.0,28.0,3.0,4.0,6.0,22.0,15.0,6.0,4.0,0.0,4.0,4.0,6.0,14.0,3.0,31.0,11.0,16.0,32.0,2.0,9.0,14.0,16.0,4.0,6.0,7.0,20.0,15.0,11.0,16.0,6.0,16.0,7.0,3.0,28.0,3.0,7.0,13.0,25.0,3.0,3.0,4.0,6.0,5.0,18.0,24.0,19.0,2.0,3.0,9.0,4.0,6.0,10.0,3.0,5.0,3.0,9.0,21.0,8.0,5.0,6.0,13.0,5.0,3.0,1.0,5.0,9.0,8.0,5.0,1.0,14.0,0.0,7.0,9.0,6.0,18.0,9.0,6.0,13.0,6.0,6.0,9.0,21.0,11.0,7.0,4.0,3.0,9.0,29.0,5.0,6.0,15.0,22.0,6.0,11.0,2,0.2327550016688298
9.0,10.0,20.0,14.0,11.0,8.0,14.0,3.0,3.0,1.0,4.0,4.0,7.0,7.0,4.0,1.0,10.0,8.0,3.0,15.0,30.0,19.0,22.0,10.0,6.0,2.0,36.0,4.0,23.0,11.0,11.0,2.0,4.0,8.0,20.0,5.0,20.0,2.0,10.0,33.0,14.0,1.0,6.0,12.0,5.0,6.0,1.0,15.0,5.0,12.0,9.0,13.0,18.0,11.0,3.0,1.0,7.0,8.0,13.0,6.0,14.0,16.0,10.0,25.0,6.0,19.0,14.0,10.0,7.0,11.0,5.0,0.0,2.0,12.0,2.0,6.0,1.0,2.0,29.0,3.0,9.0,3.0,31.0,24.0,5.0,2.0,11.0,6.0,6.0,1.0,21.0,9.0,4.0,20.0,11.0,4.0,4.0,16.0,3.0,25.0,1,0.28695943277263414
19.0,17.0,13.0,7.0,0.0,7.0,39.0,2.0,9.0,3.0,23.0,6.0,10.0,7.0,2.0,4.0,2.0,16.0,25.0,6.0,45.0,9.0,14.0,44.0,9.0,9.0,26.0,8.0,6.0,6.0,5.0,11.0,12.0,16.0,5.0,5.0,13.0,3.0,4.0,29.0,7.0,9.0,18.0,15.0,1.0,3.0,6.0,3.0,13.0,15.0,14.0,13.0,5.0,6.0,8.0,6.0,5.0,7.0,5.0,1.0,4.0,3.0,22.0,8.0,1.0,4.0,13.0,4.0,4.0,3.0,5.0,6.0,5.0,9.0,2.0,13.0,0.0,7.0,8.0,2.0,12.0,6.0,9.0,10.0,7.0,13.0,4.0,14.0,12.0,9.0,7.0,4.0,9.0,36.0,6.0,5.0,22.0,17.0,5.0,13.0,2,0.2718269763851774
11.0,23.0,12.0,3.0,6.0,10.0,46.0,4.0,9.0,3.0,24.0,24.0,8.0,5.0,0.0,5.0,6.0,11.0,17.0,2.0,45.0,8.0,14.0,41.0,6.0,5.0,11.0,17.0,1.0,4.0,4.0,16.0,11.0,13.0,13.0,1.0,10.0,6.0,0.0,24.0,11.0,8.0,21.0,30.0,3.0,3.0,6.0,7.0,7.0,21.0,33.0,13.0,1.0,3.0,17.0,4.0,8.0,16.0,3.0,3.0,3.0,3.0,18.0,1.0,5.0,0.0,11.0,5.0,4.0,3.0,4.0,9.0,5.0,8.0,2.0,25.0,2.0,7.0,4.0,7.0,20.0,11.0,2.0,7.0,3.0,9.0,3.0,22.0,8.0,8.0,7.0,2.0,7.0,45.0,2.0,1.0,17.0,16.0,6.0,2.0,2,0.04868102830077906
10.0,11.0,18.0,9.0,14.0,13.0,11.0,5.0,3.0,4.0,4.0,1.0,11.0,15.0,6.0,1.0,5.0,11.0,6.0,15.0,25.0,13.0,6.0,8.0,14.0,2.0,34.0,3.0,14.0,12.0,9.0,8.0,6.0,6.0,14.0,5.0,18.0,4.0,8.0,35.0,6.0,3.0,8.0,16.0,5.0,4.0,1.0,13.0,8.0,24.0,3.0,11.0,12.0,9.0,7.0,3.0,7.0,10.0,8.0,5.0,9.0,17.0,12.0,25.0,8.0,23.0,5.0,8.0,5.0,12.0,5.0,6.0,1.0,6.0,5.0,9.0,3.0,6.0,29.0,7.0,8.0,4.0,22.0,23.0,6.0,10.0,7.0,9.0,7.0,4.0,20.0,14.0,11.0,20.0,16.0,8.0,4.0,19.0,2.0,24.0,1,0.29223825964349787
10.0,7.0,14.0,11.0,7.0,14.0,9.0,5.0,2.0,3.0,10.0,7.0,8.0,10.0,4.0,2.0,5.0,10.0,7.0,15.0,43.0,11.0,12.0,10.0,6.0,1.0,25.0,2.0,18.0,12.0,15.0,3.0,8.0,5.0,12.0,2.0,23.0,7.0,9.0,40.0,1.0,3.0,6.0,13.0,6.0,4.0,3.0,11.0,11.0,15.0,7.0,9.0,15.0,11.0,4.0,5.0,8.0,6.0,8.0,6.0,20.0,21.0,8.0,26.0,6.0,22.0,5.0,6.0,4.0,9.0,4.0,2.0,5.0,9.0,2.0,8.0,2.0,1.0,27.0,8.0,15.0,5.0,28.0,21.0,5.0,8.0,11.0,6.0,5.0,0.0,19.0,8.0,6.0,16.0,13.0,7.0,7.0,21.0,1.0,24.0,1,0.25528323880630355
41.0,5.0,6.0,20.0,13.0,21.0,2.0,3.0,4.0,8.0,14.0,5.0,5.0,4.0,6.0,3.0,11.0,9.0,9.0,12.0,11.0,8.0,24.0,4.0,11.0,0.0,9.0,10.0,5.0,14.0,9.0,6.0,9.0,1.0,9.0,1.0,11.0,1.0,6.0,16.0,10.0,7.0,10.0,12.0,6.0,3.0,5.0,10.0,11.0,6.0,7.0,15.0,3.0,23.0,13.0,4.0,1.0,1.0,21.0,0.0,5.0,8.0,13.0,32.0,0.0,5.0,9.0,3.0,4.0,1.0,9.0,5.0,6.0,12.0,5.0,10.0,14.0,1.0,18.0,9.0,29.0,3.0,9.0,18.0,9.0,14.0,7.0,16.0,21.0,2.0,13.0,28.0,3.0,6.0,5.0,8.0,3.0,56.0,2.0,19.0,0,0.20003709846543163
12.0,22.0,13.0,7.0,12.0,7.0,32.0,4.0,8.0,1.0,18.0,13.0,5.0,3.0,2.0,4.0,3.0,10.0,28.0,7.0,22.0,17.0,20.0,50.0,5.0,8.0,16.0,8.0,6.0,6.0,10.0,17.0,14.0,16.0,9.0,3.0,14.0,6.0,2.0,33.0,6.0,5.0,16.0,36.0,1.0,1.0,3.0,7.0,5.0,17.0,18.0,14.0,3.0,5.0,12.0,3.0,7.0,12.0,5.0,1.0,3.0,4.0,26.0,7.0,7.0,4.0,11.0,6.0,4.0,3.0,6.0,1.0,6.0,2.0,4.0,14.0,1.0,11.0,9.0,7.0,18.0,10.0,7.0,11.0,3.0,16.0,8.0,12.0,11.0,8.0,6.0,5.0,8.0,43.0,3.0,1.0,16.0,8.0,5.0,9.0,2,0.2080892093139337
5.0,20.0,8.0,6.0,2.0,12.0,36.0,7.0,6.0,1.0,15.0,13.0,7.0,3.0,1.0,5.0,5.0,10.0,15.0,3.0,21.0,14.0,17.0,37.0,9.0,10.0,13.0,7.0,5.0,9.0,5.0,11.0,14.0,11.0,7.0,3.0,11.0,4.0,6.0,28.0,6.0,8.0,26.0,30.0,4.0,1.0,5.0,6.0,4.0,18.0,18.0,15.0,5.0,9.0,10.0,3.0,8.0,7.0,6.0,1.0,5.0,3.0,14.0,10.0,7.0,6.0,14.0,3.0,7.0,3.0,5.0,4.0,9.0,5.0,1.0,16.0,3.0,6.0,12.0,8.0,18.0,10.0,4.0,9.0,3.0,12.0,8.0,17.0,9.0,3.0,10.0,4.0,13.0,26.0,4.0,6.0,14.0,21.0,3.0,14.0,2,0.2989827448870811
43.0,4.0,4.0,40.0,16.0,29.0,2.0,5.0,2.0,4.0,18.0,12.0,6.0,1.0,10.0,5.0,11.0,9.0,2.0,12.0,6.0,11.0,26.0,1.0,10.0,0.0,9.0,8.0,3.0,21.0,9.0,5.0,12.0,2.0,12.0,1.0,8.0,0.0,13.0,11.0,7.0,7.0,11.0,15.0,13.0,2.0,2.0,15.0,12.0,2.0,6.0,19.0,0.0,16.0,13.0,3.0,1.0,4.0,12.0,3.0,5.0,6.0,4.0,28.0,1.0,13.0,10.0,4.0,5.0,4.0,8.0,6.0,4.0,14.0,3.0,11.0,6.0,3.0,15.0,15.0,30.0,2.0,10.0,21.0,7.0,9.0,7.0,9.0,26.0,0.0,17.0,29.0,0.0,8.0,2.0,13.0,1.0,52.0,7.0,15.0,0,0.05568194900638931
32.0,2.0,2.0,23.0,11.0,27.0,0.0,2.0,1.0,7.0,14.0,8.0,6.0,5.0,14.0,8.0,8.0,9.0,5.0,9.0,2.0,12.0,18.0,0.0,13.0,0.0,7.0,12.0,2.0,17.0,6.0,4.0,10.0,0.0,5.0,1.0,10.0,2.0,5.0,16.0,6.0,11.0,10.0,18.0,8.0,3.0,4.0,19.0,13.0,2.0,5.0,18.0,2.0,23.0,14.0,6.0,0.0,2.0,16.0,0.0,2.0,9.0,1.0,45.0,2.0,7.0,7.0,2.0,5.0,8.0,16.0,14.0,3.0,6.0,6.0,4.0,6.0,4.0,15.0,6.0,30.0,2.0,4.0,18.0,7.0,10.0,3.0,9.0,28.0,1.0,14.0,32.0,0.0,4.0,2.0,13.0,0.0,62.0,5.0,18.0,0,0.018084114694353948
11.0,16.0,9.0,6.0,6.0,11.0,35.0,1.0,2.0,5.0,10.0,18.0,6.0,4.0,2.0,2.0,4.0,5.0,24.0,5.0,35.0,11.0,22.0,44.0,12.0,10.0,22.0,10.0,3.0,7.0,3.0,19.0,12.0,17.0,12.0,1.0,12.0,5.0,3.0,32.0,9.0,8.0,14.0,26.0,3.0,5.0,4.0,5.0,8.0,20.0,22.0,11.0,7.0,10.0,12.0,2.0,5.0,14.0,4.0,2.0,4.0,7.0,16.0,7.0,3.0,6.0,14.0,1.0,6.0,0.0,3.0,4.0,8.0,4.0,0.0,23.0,4.0,6.0,5.0,5.0,13.0,9.0,11.0,6.0,5.0,14.0,5.0,13.0,11.0,3.0,7.0,7.0,8.0,44.0,2.0,5.0,15.0,18.0,5.0,12.0,2,0.1912539654276872
19.0,15.0,6.0,14.0,8.0,8.0,26.0,1.0,7.0,7.0,15.0,18.0,8.0,2.0,0.0,1.0,9.0,7.0,20.0,5.0,26.0,11.0,19.0,27.0,8.0,5.0,15.0,7.0,4.0,6.0,5.0,12.0,12.0,16.0,12.0,1.0,15.0,9.0,3.0,24.0,11.0,5.0,12.0,33.0,1.0,0.0,5.0,6.0,7.0,24.0,18.0,16.0,4.0,5.0,16.0,4.0,6.0,13.0,5.0,4.0,5.0,7.0,19.0,15.0,4.0,5.0,13.0,5.0,7.0,3.0,9.0,3.0,9.0,8.0,3.0,18.0,4.0,6.0,13.0,5.0,11.0,5.0,7.0,10.0,2.0,17.0,1.0,14.0,11.0,3.0,5.0,3.0,9.0,34.0,2.0,4.0,15.0,19.0,6.0,6.0,2,0.2841492525302222
3.0,9.0,12.0,11.0,7.0,10.0,18.0,4.0,4.0,2.0,9.0,5.0,12.0,18.0,2.0,1.0,4.0,5.0,10.0,12.0,27.0,18.0,16.0,12.0,14.0,3.0,32.0,3.0,15.0,18.0,8.0,5.0,9.0,10.0,8.0,5.0,35.0,7.0,18.0,31.0,10.0,1.0,7.0,10.0,4.0,2.0,0.0,12.0,9.0,20.0,6.0,20.0,13.0,11.0,8.0,5.0,10.0,9.0,5.0,4.0,14.0,17.0,15.0,24.0,3.0,24.0,11.0,16.0,6.0,8.0,2.0,1.0,1.0,6.0,0.0,7.0,2.0,5.0,28.0,6.0,8.0,4.0,32.0,22.0,6.0,7.0,6.0,5.0,6.0,2.0,9.0,10.0,9.0,19.0,11.0,4.0,5.0,18.0,3.0,32.0,1,0.2648939518572421
3.0,4.0,10.0,10.0,8.0,9.0,7.0,4.0,1.0,3.0,3.0,4.0,5.0,20.0,2.0,0.0,1.0,6.0,8.0,18.0,24.0,15.0,15.0,7.0,12.0,0.0,45.0,3.0,19.0,11.0,26.0,1.0,3.0,12.0,24.0,2.0,38.0,5.0,9.0,25.0,11.0,0.0,7.0,8.0,12.0,4.0,0.0,15.0,8.0,23.0,4.0,22.0,14.0,10.0,3.0,4.0,11.0,6.0,9.0,10.0,17.0,23.0,11.0,19.0,11.0,27.0,11.0,12.0,4.0,7.0,3.0,3.0,3.0,13.0,4.0,3.0,1.0,5.0,35.0,9.0,0.0,5.0,32.0,15.0,5.0,1.0,21.0,6.0,8.0,1.0,19.0,6.0,4.0,15.0,10.0,7.0,2.0,13.0,0.0,33.0,1,0.07622973532015616
30.0,6.0,10.0,24.0,11.0,16.0,9.0,2.0,4.0,4.0,10.0,16.0,6.0,3.0,1.0,4.0,7.0,13.0,5.0,12.0,12.0,16.0,23.0,7.0,13.0,2.0,13.0,5.0,6.0,20.0,7.0,6.0,12.0,4.0,14.0,2.0,14.0,6.0,12.0,16.0,8.0,8.0,16.0,16.0,8.0,1.0,7.0,17.0,8.0,8.0,15.0,16.0,4.0,15.0,9.0,8.0,0.0,7.0,23.0,0.0,6.0,2.0,8.0,28.0,3.0,7.0,8.0,1.0,9.0,10.0,15.0,12.0,8.0,12.0,4.0,7.0,6.0,0.0,17.0,9.0,39.0,4.0,8.0,21.0,12.0,13.0,3.0,16.0,28.0,1.0,8.0,27.0,2.0,12.0,6.0,11.0,4.0,50.0,4.0,15.0,0,0.28579460514399946
38.0,4.0,8.0,28.0,13.0,25.0,0.0,3.0,6.0,1.0,17.0,16.0,2.0,4.0,4.0,12.0,6.0,9.0,3.0,22.0,4.0,8.0,36.0,0.0,13.0,2.0,9.0,10.0,0.0,25.0,8.0,4.0,13.0,3.0,3.0,0.0,8.0,3.0,4.0,9.0,12.0,6.0,13.0,17.0,8.0,8.0,7.0,24.0,14.0,2.0,5.0,30.0,3.0,11.0,10.0,7.0,0.0,1.0,26.0,1.0,3.0,6.0,1.0,35.0,3.0,7.0,8.0,2.0,6.0,7.0,15.0,5.0,6.0,8.0,7.0,6.0,14.0,0.0,19.0,7.0,42.0,1.0,5.0,30.0,5.0,17.0,5.0,15.0,24.0,1.0,13.0,23.0,0.0,2.0,4.0,10.0,0.0,54.0,6.0,14.0,0,0.005664366509205687
28.0,7.0,6.0,20.0,13.0,24.0,8.0,3.0,1.0,0.0,11.0,7.0,7.0,9.0,7.0,7.0,6.0,9.0,8.0,10.0,16.0,10.0,35.0,13.0,10.0,5.0,11.0,10.0,7.0,18.0,8.0,6.0,10.0,3.0,9.0,4.0,10.0,2.0,10.0,14.0,10.0,9.0,17.0,15.0,7.0,10.0,2.0,17.0,10.0,10.0,13.0,18.0,5.0,15.0,18.0,4.0,2.0,1.0,23.0,0.0,5.0,11.0,3.0,31.0,1.0,12.0,5.0,5.0,5.0,3.0,8.0,6.0,6.0,12.0,2.0,9.0,5.0,3.0,16.0,7.0,33.0,3.0,11.0,20.0,11.0,11.0,3.0,19.0,26.0,1.0,12.0,18.0,1.0,7.0,3.0,11.0,7.0,51.0,5.0,24.0,0,0.24410838284648023
3.0,5.0,21.0,14.0,5.0,8.0,9.0,6.0,0.0,2.0,2.0,1.0,11.0,19.0,2.0,2.0,4.0,9.0,13.0,12.0,27.0,13.0,8.0,9.0,10.0,1.0,46.0,4.0,26.0,10.0,28.0,3.0,4.0,4.0,23.0,8.0,25.0,0.0,15.0,42.0,14.0,0.0,3.0,5.0,3.0,3.0,0.0,10.0,12.0,28.0,1.0,7.0,18.0,9.0,2.0,2.0,8.0,12.0,7.0,2.0,22.0,23.0,14.0,18.0,7.0,41.0,9.0,11.0,4.0,14.0,1.0,0.0,3.0,13.0,3.0,4.0,1.0,1.0,22.0,4.0,3.0,12.0,17.0,15.0,5.0,4.0,19.0,4.0,3.0,2.0,13.0,9.0,9.0,16.0,11.0,7.0,3.0,19.0,1.0,36.0,1,0.054289161201496426
35.0,2.0,3.0,28.0,12.0,29.0,1.0,3.0,0.0,3.0,23.0,12.0,3.0,3.0,14.0,8.0,9.0,6.0,6.0,18.0,3.0,10.0,18.0,0.0,11.0,2.0,3.0,12.0,1.0,23.0,8.0,3.0,15.0,3.0,4.0,1.0,13.0,3.0,10.0,10.0,1.0,9.0,13.0,12.0,12.0,8.0,3.0,24.0,5.0,2.0,9.0,17.0,0.0,15.0,18.0,2.0,0.0,2.0,19.0,0.0,2.0,15.0,1.0,41.0,1.0,4.0,13.0,2.0,2.0,3.0,15.0,10.0,4.0,14.0,6.0,5.0,5.0,3.0,13.0,12.0,34.0,2.0,2.0,23.0,6.0,7.0,1.0,10.0,18.0,0.0,9.0,26.0,0.0,3.0,2.0,16.0,0.0,63.0,4.0,24.0,0,0.030244438724006714
9.0,27.0,13.0,1.0,3.0,12.0,34.0,2.0,10.0,6.0,17.0,18.0,6.0,2.0,1.0,4.0,7.0,12.0,27.0,2.0,32.0,9.0,21.0,57.0,8.0,4.0,18.0,12.0,6.0,3.0,8.0,18.0,6.0,20.0,11.0,2.0,8.0,9.0,3.0,24.0,3.0,5.0,14.0,37.0,0.0,2.0,8.0,3.0,10.0,22.0,25.0,15.0,8.0,2.0,14.0,3.0,8.0,15.0,5.0,2.0,6.0,2.0,20.0,3.0,3.0,1.0,14.0,7.0,6.0,1.0,10.0,7.0,9.0,8.0,1.0,14.0,2.0,5.0,3.0,6.0,15.0,10.0,4.0,14.0,7.0,11.0,3.0,17.0,14.0,6.0,4.0,3.0,5.0,60.0,2.0,4.0,16.0,12.0,9.0,4.0,2,0.054755946319435075
4.0,23.0,7.0,7.0,9.0,12.0,28.0,3.0,4.0,6.0,12.0,20.0,7.0,3.0,1.0,3.0,5.0,9.0,25.0,5.0,19.0,20.0,25.0,50.0,4.0,12.0,9.0,3.0,4.0,8.0,5.0,21.0,11.0,24.0,9.0,3.0,16.0,6.0,0.0,30.0,10.0,5.0,17.0,29.0,4.0,4.0,4.0,8.0,9.0,18.0,18.0,11.0,3.0,4.0,11.0,1.0,8.0,9.0,4.0,1.0,1.0,8.0,23.0,6.0,1.0,5.0,18.0,6.0,5.0,4.0,7.0,5.0,9.0,7.0,2.0,9.0,1.0,9.0,8.0,7.0,13.0,6.0,4.0,7.0,7.0,20.0,5.0,9.0,5.0,5.0,10.0,4.0,8.0,46.0,2.0,6.0,19.0,12.0,3.0,6.0,2,0.18141174572693264
24.0,5.0,10.0,26.0,18.0,19.0,9.0,7.0,5.0,2.0,9.0,12.0,3.0,6.0,4.0,8.0,9.0,7.0,8.0,10.0,12.0,7.0,28.0,7.0,6.0,2.0,11.0,3.0,6.0,22.0,6.0,5.0,12.0,6.0,6.0,0.0,10.0,2.0,7.0,10.0,5.0,7.0,16.0,17.0,4.0,5.0,6.0,19.0,8.0,9.0,10.0,21.0,5.0,15.0,18.0,9.0,2.0,4.0,24.0,3.0,3.0,13.0,8.0,30.0,2.0,12.0,8.0,1.0,2.0,6.0,12.0,6.0,4.0,13.0,8.0,6.0,8.0,3.0,18.0,3.0,30.0,6.0,9.0,21.0,14.0,9.0,2.0,11.0,17.0,2.0,14.0,19.0,2.0,12.0,3.0,8.0,4.0,51.0,5.0,16.0,0,0.25725788759990287
2.0,3.0,23.0,10.0,9.0,4.0,8.0,9.0,3.0,0.0,4.0,0.0,4.0,10.0,4.0,1.0,7.0,10.0,10.0,20.0,29.0,20.0,11.0,9.0,11.0,0.0,47.0,1.0,24.0,17.0,17.0,2.0,8.0,9.0,17.0,7.0,28.0,6.0,11.0,36.0,9.0,1.0,6.0,6.0,5.0,3.0,1.0,13.0,11.0,19.0,0.0,11.0,15.0,15.0,4.0,3.0,2.0,11.0,8.0,8.0,11.0,15.0,20.0,19.0,7.0,42.0,4.0,10.0,4.0,11.0,0.0,0.0,0.0,12.0,2.0,3.0,1.0,1.0,39.0,7.0,3.0,6.0,33.0,12.0,5.0,5.0,5.0,5.0,1.0,2.0,22.0,8.0,8.0,7.0,12.0,3.0,0.0,29.0,0.0,31.0,1,0.05183279129710867
6.0,8.0,18.0,14.0,8.0,12.0,15.0,7.0,2.0,2.0,8.0,1.0,10.0,15.0,8.0,5.0,6.0,7.0,6.0,8.0,25.0,16.0,15.0,11.0,8.0,1.0,38.0,4.0,21.0,13.0,20.0,6.0,7.0,11.0,16.0,2.0,28.0,6.0,10.0,35.0,15.0,0.0,11.0,11.0,9.0,3.0,1.0,11.0,11.0,19.0,5.0,13.0,17.0,8.0,3.0,2.0,3.0,4.0,10.0,6.0,14.0,16.0,12.0,20.0,1.0,29.0,7.0,11.0,1.0,13.0,3.0,2.0,6.0,10.0,5.0,4.0,5.0,4.0,38.0,9.0,10.0,6.0,17.0,14.0,2.0,8.0,12.0,6.0,9.0,3.0,16.0,9.0,6.0,22.0,20.0,7.0,5.0,22.0,1.0,24.0,1,0.24918646644624778
5.0,6.0,24.0,7.0,4.0,6.0,9.0,8.0,2.0,4.0,3.0,3.0,10.0,25.0,8.0,0.0,9.0,7.0,7.0,14.0,31.0,25.0,18.0,8.0,12.0,5.0,53.0,1.0,27.0,15.0,18.0,8.0,4.0,7.0,23.0,6.0,18.0,4.0,10.0,43.0,10.0,1.0,10.0,6.0,7.0,1.0,3.0,11.0,10.0,17.0,1.0,9.0,12.0,4.0,4.0,1.0,3.0,10.0,12.0,5.0,11.0,14.0,10.0,28.0,7.0,20.0,11.0,7.0,2.0,5.0,5.0,1.0,1.0,9.0,2.0,2.0,0.0,3.0,25.0,6.0,4.0,2.0,19.0,17.0,6.0,5.0,11.0,3.0,4.0,1.0,13.0,5.0,4.0,14.0,21.0,11.0,2.0,12.0,1.0,31.0,1,0.1000902642270154
3.0,6.0,19.0,14.0,10.0,10.0,10.0,3.0,2.0,3.0,4.0,3.0,9.0,12.0,4.0,3.0,4.0,6.0,4.0,18.0,32.0,13.0,16.0,8.0,11.0,1.0,39.0,6.0,27.0,25.0,15.0,5.0,2.0,7.0,17.0,5.0,24.0,4.0,19.0,25.0,8.0,1.0,2.0,7.0,6.0,2.0,3.0,12.0,15.0,19.0,2.0,19.0,19.0,6.0,6.0,0.0,2.0,11.0,4.0,6.0,27.0,21.0,22.0,30.0,5.0,20.0,6.0,11.0,6.0,8.0,3.0,2.0,3.0,8.0,6.0,7.0,0.0,4.0,26.0,10.0,4.0,4.0,24.0,14.0,5.0,5.0,9.0,6.0,6.0,1.0,14.0,5.0,5.0,12.0,15.0,3.0,4.0,26.0,1.0,33.0,1,0.18247304473604967
14.0,16.0,16.0,6.0,7.0,6.0,40.0,1.0,4.0,4.0,7.0,18.0,10.0,7.0,5.0,6.0,1.0,10.0,30.0,4.0,31.0,13.0,16.0,38.0,4.0,8.0,12.0,3.0,3.0,6.0,4.0,9.0,8.0,12.0,9.0,1.0,22.0,2.0,0.0,33.0,6.0,7.0,15.0,26.0,3.0,6.0,5.0,8.0,2.0,19.0,17.0,19.0,8.0,8.0,9.0,6.0,5.0,17.0,6.0,2.0,2.0,11.0,15.0,7.0,2.0,6.0,17.0,3.0,2.0,5.0,6.0,8.0,6.0,12.0,1.0,14.0,4.0,12.0,12.0,5.0,15.0,10.0,9.0,16.0,2.0,10.0,3.0,19.0,8.0,6.0,4.0,6.0,11.0,34.0,2.0,5.0,13.0,26.0,2.0,8.0,2,0.2582576350442798
9.0,25.0,8.0,5.0,2.0,9.0,39.0,3.0,6.0,2.0,15.0,21.0,4.0,6.0,3.0,0.0,3.0,12.0,17.0,1.0,33.0,18.0,16.0,56.0,5.0,13.0,17.0,9.0,4.0,4.0,9.0,13.0,16.0,20.0,10.0,4.0,9.0,4.0,1.0,27.0,9.0,6.0,14.0,34.0,1.0,2.0,9.0,2.0,9.0,17.0,17.0,12.0,2.0,3.0,9.0,3.0,7.0,17.0,4.0,0.0,1.0,1.0,15.0,6.0,2.0,6.0,14.0,3.0,9.0,0.0,8.0,7.0,6.0,10.0,2.0,18.0,4.0,7.0,4.0,3.0,16.0,5.0,4.0,17.0,4.0,10.0,4.0,15.0,13.0,10.0,3.0,2.0,8.0,42.0,1.0,4.0,14.0,11.0,4.0,5.0,2,0.06886218811775549
14.0,26.0,9.0,4.0,2.0,12.0,27.0,4.0,8.0,4.0,9.0,12.0,3.0,3.0,0.0,1.0,6.0,11.0,15.0,6.0,27.0,12.0,21.0,40.0,8.0,13.0,17.0,9.0,8.0,2.0,4.0,20.0,9.0,14.0,8.0,1.0,8.0,3.0,5.0,30.0,16.0,5.0,16.0,31.0,0.0,2.0,2.0,6.0,7.0,19.0,11.0,13.0,1.0,9.0,13.0,4.0,9.0,12.0,4.0,1.0,2.0,2.0,23.0,12.0,4.0,10.0,19.0,2.0,1.0,0.0,5.0,3.0,7.0,2.0,0.0,9.0,5.0,4.0,9.0,5.0,26.0,7.0,6.0,13.0,5.0,19.0,7.0,19.0,12.0,8.0,5.0,5.0,6.0,41.0,2.0,6.0,14.0,21.0,1.0,5.0,2,0.24439841409978524
26.0,4.0,6.0,15.0,7.0,20.0,4.0,3.0,3.0,6.0,11.0,12.0,4.0,7.0,14.0,8.0,6.0,13.0,5.0,14.0,5.0,5.0,26.0,8.0,4.0,3.0,12.0,9.0,7.0,22.0,10.0,4.0,11.0,7.0,10.0,2.0,11.0,3.0,10.0,18.0,9.0,6.0,11.0,9.0,6.0,9.0,6.0,16.0,15.0,6.0,9.0,19.0,2.0,11.0,14.0,5.0,0.0,6.0,16.0,0.0,7.0,9.0,4.0,23.0,5.0,10.0,11.0,3.0,9.0,8.0,11.0,4.0,5.0,6.0,6.0,9.0,8.0,4.0,13.0,6.0,33.0,3.0,6.0,21.0,10.0,16.0,6.0,14.0,14.0,1.0,19.0,30.0,1.0,8.0,2.0,13.0,4.0,53.0,4.0,23.0,0,0.21382516750744224
35.0,3.0,4.0,15.0,14.0,16.0,3.0,3.0,3.0,2.0,8.0,9.0,3.0,8.0,4.0,7.0,2.0,5.0,6.0,17.0,3.0,10.0,35.0,2.0,9.0,5.0,9.0,4.0,2.0,31.0,7.0,5.0,10.0,2.0,4.0,0.0,9.0,4.0,7.0,13.0,7.0,11.0,19.0,13.0,7.0,2.0,8.0,18.0,9.0,3.0,9.0,17.0,2.0,16.0,10.0,4.0,3.0,3.0,14.0,0.0,5.0,10.0,3.0,39.0,2.0,5.0,7.0,6.0,1.0,6.0,16.0,12.0,6.0,9.0,2.0,5.0,10.0,2.0,14.0,11.0,21.0,3.0,8.0,13.0,7.0,13.0,5.0,10.0,22.0,3.0,18.0,19.0,0.0,4.0,2.0,10.0,3.0,53.0,2.0,23.0,0,0.11181543746302434
7.0,11.0,12.0,12.0,5.0,3.0,13.0,6.0,4.0,2.0,8.0,6.0,9.0,8.0,3.0,1.0,5.0,10.0,9.0,8.0,28.0,19.0,13.0,9.0,11.0,2.0,43.0,3.0,19.0,16.0,24.0,2.0,7.0,8.0,21.0,5.0,20.0,2.0,8.0,35.0,5.0,1.0,6.0,10.0,3.0,5.0,1.0,13.0,15.0,15.0,5.0,14.0,12.0,12.0,11.0,4.0,10.0,11.0,9.0,5.0,18.0,17.0,14.0,20.0,9.0,22.0,11.0,10.0,3.0,9.0,2.0,4.0,4.0,6.0,4.0,4.0,3.0,5.0,27.0,8.0,10.0,8.0,23.0,22.0,2.0,6.0,11.0,9.0,4.0,2.0,20.0,13.0,4.0,20.0,12.0,10.0,3.0,24.0,0.0,20.0,1,0.2762340151088251
7.0,17.0,8.0,5.0,6.0,6.0,36.0,7.0,8.0,6.0,22.0,22.0,2.0,5.0,2.0,3.0,1.0,6.0,30.0,3.0,39.0,20.0,19.0,38.0,7.0,11.0,18.0,12.0,4.0,2.0,5.0,15.0,7.0,13.0,16.0,3.0,13.0,4.0,2.0,27.0,5.0,10.0,13.0,38.0,1.0,5.0,5.0,6.0,11.0,19.0,25.0,17.0,3.0,6.0,23.0,2.0,5.0,15.0,5.0,6.0,5.0,7.0,24.0,5.0,6.0,3.0,12.0,7.0,3.0,3.0,10.0,5.0,10.0,11.0,1.0,10.0,2.0,6.0,6.0,7.0,14.0,11.0,5.0,12.0,8.0,11.0,9.0,18.0,11.0,3.0,9.0,7.0,5.0,38.0,1.0,5.0,22.0,9.0,3.0,9.0,2,0.22081256757869208
3.0,8.0,16.0,6.0,9.0,7.0,12.0,6.0,1.0,1.0,1.0,1.0,11.0,15.0,3.0,1.0,4.0,9.0,6.0,17.0,28.0,21.0,10.0,8.0,17.0,0.0,44.0,3.0,23.0,13.0,17.0,5.0,3.0,3.0,21.0,6.0,18.0,2.0,9.0,35.0,6.0,1.0,7.0,10.0,8.0,1.0,1.0,12.0,10.0,17.0,5.0,16.0,15.0,8.0,3.0,5.0,6.0,5.0,10.0,5.0,19.0,16.0,12.0,33.0,4.0,36.0,11.0,6.0,4.0,8.0,1.0,3.0,2.0,15.0,0.0,4.0,0.0,5.0,21.0,6.0,4.0,8.0,28.0,30.0,3.0,4.0,12.0,12.0,4.0,1.0,27.0,13.0,8.0,14.0,9.0,5.0,0.0,16.0,0.0,27.0,1,0.09727795835861039
36.0,0.0,1.0,27.0,12.0,21.0,0.0,5.0,0.0,5.0,13.0,10.0,7.0,4.0,8.0,8.0,7.0,5.0,9.0,15.0,4.0,10.0,39.0,1.0,11.0,2.0,4.0,8.0,5.0,23.0,9.0,2.0,14.0,1.0,6.0,1.0,9.0,3.0,8.0,17.0,7.0,11.0,16.0,10.0,8.0,5.0,3.0,18.0,17.0,1.0,6.0,21.0,1.0,16.0,18.0,5.0,0.0,2.0,33.0,0.0,6.0,7.0,2.0,39.0,0.0,4.0,6.0,4.0,9.0,7.0,11.0,11.0,7.0,4.0,4.0,6.0,8.0,1.0,16.0,10.0,29.0,3.0,5.0,22.0,6.0,8.0,7.0,9.0,25.0,2.0,12.0,24.0,1.0,1.0,0.0,14.0,2.0,29.0,4.0,24.0,0,0.014694537021583243
3.0,6.0,15.0,14.0,7.0,8.0,8.0,4.0,4.0,1.0,4.0,1.0,2.0,14.0,4.0,3.0,6.0,9.0,9.0,15.0,39.0,29.0,19.0,10.0,10.0,1.0,40.0,2.0,21.0,15.0,12.0,2.0,6.0,11.0,20.0,3.0,41.0,5.0,9.0,31.0,12.0,0.0,6.0,6.0,6.0,6.0,0.0,6.0,9.0,21.0,4.0,10.0,13.0,10.0,4.0,4.0,6.0,6.0,4.0,5.0,12.0,19.0,19.0,17.0,10.0,26.0,4.0,6.0,6.0,11.0,2.0,0.0,3.0,12.0,0.0,4.0,0.0,4.0,32.0,13.0,5.0,14.0,28.0,14.0,7.0,7.0,15.0,5.0,7.0,4.0,27.0,8.0,6.0,16.0,10.0,4.0,3.0,15.0,1.0,30.0,1,0.1570876337304553
8.0,4.0,14.0,8.0,10.0,6.0,10.0,5.0,4.0,2.0,6.0,4.0,8.0,15.0,6.0,4.0,4.0,6.0,10.0,11.0,28.0,25.0,11.0,17.0,8.0,0.0,38.0,5.0,17.0,9.0,14.0,9.0,3.0,6.0,8.0,2.0,25.0,3.0,9.0,33.0,12.0,0.0,10.0,13.0,8.0,3.0,3.0,10.0,11.0,19.0,9.0,9.0,11.0,8.0,4.0,5.0,3.0,7.0,4.0,1.0,15.0,20.0,21.0,15.0,7.0,18.0,10.0,7.0,3.0,18.0,2.0,1.0,9.0,12.0,3.0,7.0,2.0,4.0,18.0,11.0,0.0,10.0,20.0,17.0,5.0,2.0,11.0,8.0,6.0,0.0,20.0,6.0,8.0,16.0,13.0,5.0,1.0,16.0,2.0,25.0,1,0.2542024149261996
33.0,2.0,8.0,18.0,12.0,13.0,9.0,3.0,3.0,2.0,10.0,5.0,3.0,4.0,7.0,2.0,8.0,10.0,10.0,11.0,9.0,11.0,34.0,10.0,9.0,6.0,17.0,7.0,5.0,21.0,11.0,7.0,17.0,8.0,10.0,0.0,7.0,6.0,12.0,22.0,7.0,11.0,19.0,13.0,9.0,2.0,7.0,18.0,11.0,4.0,6.0,10.0,7.0,21.0,14.0,4.0,1.0,3.0,26.0,1.0,5.0,6.0,4.0,31.0,3.0,3.0,13.0,3.0,11.0,9.0,11.0,8.0,5.0,10.0,4.0,7.0,4.0,1.0,25.0,11.0,27.0,5.0,7.0,16.0,8.0,13.0,4.0,7.0,19.0,1.0,17.0,26.0,2.0,9.0,3.0,17.0,4.0,59.0,5.0,21.0,0,0.26793793623329243
32.0,5.0,9.0,23.0,14.0,19.0,5.0,11.0,1.0,2.0,13.0,7.0,8.0,9.0,6.0,5.0,4.0,12.0,7.0,13.0,5.0,11.0,20.0,7.0,17.0,2.0,12.0,4.0,4.0,13.0,9.0,3.0,9.0,2.0,17.0,1.0,11.0,2.0,4.0,12.0,10.0,11.0,11.0,17.0,11.0,2.0,4.0,14.0,9.0,3.0,8.0,18.0,1.0,16.0,12.0,7.0,0.0,4.0,20.0,2.0,8.0,9.0,7.0,34.0,4.0,8.0,12.0,6.0,6.0,4.0,9.0,5.0,7.0,13.0,6.0,8.0,12.0,1.0,12.0,3.0,39.0,2.0,8.0,18.0,7.0,13.0,8.0,14.0,17.0,2.0,13.0,27.0,4.0,7.0,1.0,13.0,0.0,44.0,4.0,23.0,0,0.17082725157056536
6.0,6.0,13.0,8.0,5.0,5.0,15.0,5.0,2.0,2.0,7.0,3.0,6.0,25.0,4.0,2.0,4.0,8.0,5.0,13.0,23.0,16.0,15.0,11.0,9.0,0.0,35.0,3.0,27.0,11.0,13.0,6.0,2.0,2.0,13.0,5.0,28.0,2.0,8.0,22.0,13.0,0.0,6.0,6.0,8.0,2.0,2.0,10.0,8.0,22.0,3.0,14.0,12.0,12.0,4.0,3.0,6.0,5.0,4.0,4.0,27.0,19.0,13.0,25.0,10.0,31.0,12.0,10.0,6.0,7.0,0.0,3.0,2.0,11.0,2.0,7.0,2.0,6.0,35.0,5.0,7.0,3.0,22.0,19.0,8.0,5.0,14.0,6.0,5.0,0.0,13.0,7.0,7.0,22.0,15.0,5.0,4.0,16.0,0.0,24.0,1,0.1971679198743269
6.0,14.0,7.0,6.0,7.0,10.0,36.0,2.0,7.0,4.0,15.0,18.0,12.0,2.0,0.0,5.0,3.0,13.0,14.0,4.0,34.0,14.0,16.0,37.0,5.0,4.0,15.0,5.0,6.0,2.0,5.0,17.0,14.0,17.0,11.0,5.0,19.0,3.0,2.0,17.0,5.0,2.0,17.0,19.0,0.0,3.0,8.0,7.0,7.0,21.0,17.0,10.0,3.0,2.0,8.0,0.0,13.0,8.0,4.0,5.0,0.0,4.0,26.0,4.0,4.0,4.0,15.0,4.0,8.0,4.0,6.0,6.0,5.0,6.0,4.0,12.0,2.0,1.0,5.0,2.0,12.0,14.0,4.0,7.0,4.0,11.0,5.0,25.0,10.0,4.0,5.0,9.0,10.0,31.0,6.0,7.0,15.0,17.0,3.0,12.0,2,0.19645728848779656
9.0,22.0,8.0,3.0,6.0,10.0,43.0,2.0,12.0,5.0,16.0,17.0,8.0,6.0,1.0,2.0,7.0,10.0,27.0,3.0,43.0,12.0,15.0,49.0,6.0,7.0,18.0,10.0,4.0,4.0,3.0,10.0,10.0,16.0,5.0,4.0,8.0,8.0,0.0,34.0,6.0,2.0,17.0,36.0,1.0,1.0,4.0,0.0,5.0,16.0,16.0,16.0,1.0,5.0,9.0,4.0,10.0,7.0,4.0,1.0,0.0,3.0,19.0,7.0,2.0,0.0,21.0,4.0,9.0,1.0,8.0,5.0,10.0,6.0,1.0,19.0,1.0,1.0,5.0,3.0,18.0,8.0,3.0,8.0,8.0,15.0,5.0,24.0,12.0,7.0,10.0,3.0,9.0,52.0,6.0,4.0,17.0,13.0,1.0,4.0,2,0.051733763769442574
30.0,14.0,6.0,18.0,8.0,17.0,7.0,3.0,0.0,5.0,13.0,11.0,7.0,4.0,6.0,6.0,9.0,9.0,5.0,5.0,16.0,14.0,25.0,2.0,10.0,2.0,14.0,5.0,6.0,22.0,10.0,4.0,13.0,5.0,10.0,2.0,9.0,4.0,9.0,20.0,4.0,8.0,11.0,16.0,10.0,8.0,3.0,13.0,8.0,5.0,5.0,24.0,3.0,13.0,16.0,9.0,1.0,1.0,18.0,1.0,6.0,11.0,7.0,34.0,1.0,9.0,9.0,5.0,4.0,5.0,11.0,4.0,5.0,9.0,3.0,8.0,12.0,1.0,9.0,6.0,31.0,4.0,8.0,21.0,9.0,7.0,3.0,11.0,22.0,1.0,14.0,17.0,0.0,12.0,4.0,10.0,6.0,51.0,3.0,24.0,0,0.2705954756083959
33.0,10.0,7.0,23.0,11.0,21.0,1.0,3.0,5.0,3.0,9.0,10.0,6.0,2.0,7.0,5.0,8.0,14.0,13.0,14.0,12.0,11.0,21.0,6.0,5.0,2.0,19.0,10.0,5.0,19.0,7.0,2.0,12.0,2.0,16.0,1.0,12.0,7.0,6.0,19.0,5.0,8.0,14.0,22.0,5.0,2.0,2.0,16.0,11.0,5.0,10.0,10.0,1.0,14.0,16.0,6.0,1.0,4.0,17.0,1.0,6.0,18.0,5.0,23.0,4.0,6.0,4.0,1.0,2.0,5.0,11.0,11.0,4.0,8.0,3.0,8.0,7.0,4.0,20.0,10.0,29.0,5.0,12.0,17.0,12.0,8.0,0.0,10.0,20.0,3.0,13.0,25.0,1.0,5.0,0.0,17.0,5.0,47.0,4.0,17.0,0,0.262422839605868
11.0,34.0,12.0,5.0,2.0,6.0,20.0,1.0,7.0,4.0,13.0,18.0,5.0,8.0,0.0,5.0,3.0,7.0,24.0,8.0,33.0,19.0,14.0,55.0,12.0,10.0,12.0,7.0,6.0,10.0,6.0,8.0,8.0,13.0,8.0,1.0,9.0,7.0,2.0,24.0,10.0,7.0,22.0,28.0,2.0,5.0,3.0,12.0,10.0,20.0,27.0,18.0,3.0,3.0,10.0,1.0,6.0,12.0,11.0,3.0,0.0,3.0,23.0,9.0,1.0,6.0,16.0,5.0,7.0,2.0,5.0,6.0,7.0,9.0,0.0,16.0,3.0,5.0,4.0,4.0,17.0,3.0,6.0,7.0,6.0,18.0,5.0,19.0,10.0,6.0,7.0,8.0,4.0,39.0,6.0,8.0,15.0,16.0,1.0,10.0,2,0.22002181476252283
4.0,8.0,17.0,11.0,8.0,8.0,12.0,4.0,2.0,3.0,5.0,4.0,7.0,18.0,4.0,1.0,3.0,11.0,5.0,10.0,23.0,20.0,15.0,6.0,9.0,1.0,28.0,2.0,27.0,15.0,12.0,3.0,3.0,5.0,10.0,6.0,30.0,1.0,12.0,38.0,9.0,1.0,6.0,12.0,9.0,1.0,1.0,10.0,11.0,18.0,5.0,10.0,11.0,7.0,3.0,3.0,5.0,9.0,3.0,8.0,18.0,17.0,16.0,26.0,6.0,26.0,10.0,6.0,3.0,14.0,2.0,4.0,5.0,15.0,2.0,6.0,0.0,5.0,31.0,6.0,10.0,10.0,25.0,17.0,6.0,5.0,17.0,5.0,5.0,3.0,26.0,5.0,7.0,9.0,13.0,4.0,4.0,24.0,2.0,19.0,1,0.2166332694089024
2.0,5.0,11.0,13.0,8.0,7.0,6.0,6.0,0.0,1.0,3.0,0.0,8.0,17.0,3.0,2.0,5.0,8.0,14.0,16.0,31.0,14.0,14.0,5.0,13.0,0.0,35.0,3.0,18.0,9.0,13.0,4.0,3.0,2.0,12.0,4.0,28.0,2.0,8.0,48.0,13.0,1.0,7.0,9.0,8.0,4.0,0.0,14.0,7.0,11.0,1.0,19.0,10.0,9.0,3.0,3.0,3.0,8.0,7.0,7.0,12.0,18.0,11.0,19.0,10.0,37.0,6.0,11.0,1.0,8.0,0.0,1.0,3.0,8.0,8.0,6.0,1.0,5.0,26.0,6.0,6.0,9.0,29.0,9.0,5.0,3.0,11.0,2.0,9.0,0.0,23.0,8.0,7.0,13.0,8.0,3.0,2.0,19.0,1.0,28.0,1,0.08311260771221264
22.0,2.0,6.0,24.0,6.0,17.0,5.0,2.0,3.0,1.0,8.0,15.0,11.0,11.0,6.0,4.0,7.0,7.0,5.0,12.0,4.0,8.0,25.0,6.0,12.0,3.0,12.0,7.0,4.0,29.0,9.0,4.0,9.0,2.0,12.0,2.0,11.0,1.0,10.0,15.0,10.0,6.0,14.0,19.0,3.0,10.0,4.0,19.0,17.0,4.0,7.0,20.0,4.0,16.0,7.0,5.0,1.0,4.0,29.0,0.0,1.0,5.0,5.0,31.0,1.0,7.0,6.0,4.0,8.0,6.0,10.0,2.0,5.0,14.0,4.0,6.0,11.0,2.0,18.0,13.0,32.0,2.0,5.0,23.0,8.0,13.0,4.0,9.0,19.0,2.0,19.0,31.0,0.0,6.0,2.0,17.0,1.0,48.0,4.0,24.0,0,0.12229824459513934
9.0,33.0,12.0,5.0,3.0,8.0,26.0,2.0,11.0,4.0,16.0,16.0,6.0,0.0,3.0,4.0,2.0,6.0,24.0,1.0,38.0,16.0,20.0,42.0,3.0,7.0,17.0,9.0,5.0,1.0,1.0,12.0,9.0,23.0,17.0,2.0,15.0,2.0,2.0,27.0,11.0,5.0,19.0,31.0,1.0,3.0,3.0,5.0,6.0,22.0,24.0,16.0,1.0,3.0,17.0,0.0,7.0,21.0,3.0,1.0,1.0,2.0,22.0,5.0,5.0,2.0,21.0,5.0,5.0,2.0,5.0,7.0,9.0,5.0,3.0,10.0,1.0,3.0,8.0,3.0,15.0,6.0,5.0,5.0,3.0,13.0,4.0,25.0,8.0,9.0,6.0,6.0,13.0,48.0,2.0,2.0,20.0,13.0,3.0,9.0,2,0.060254598667830395
17.0,22.0,14.0,3.0,5.0,10.0,32.0,7.0,18.0,4.0,19.0,17.0,5.0,8.0,2.0,3.0,4.0,7.0,27.0,5.0,32.0,13.0,17.0,36.0,10.0,6.0,16.0,9.0,6.0,6.0,6.0,10.0,9.0,23.0,11.0,5.0,20.0,2.0,2.0,26.0,8.0,8.0,13.0,30.0,2.0,0.0,7.0,4.0,15.0,24.0,20.0,12.0,2.0,3.0,15.0,2.0,7.0,12.0,3.0,0.0,1.0,3.0,16.0,5.0,5.0,3.0,9.0,2.0,10.0,6.0,6.0,13.0,8.0,6.0,2.0,13.0,2.0,8.0,9.0,9.0,14.0,8.0,4.0,14.0,5.0,10.0,6.0,20.0,12.0,9.0,6.0,7.0,4.0,39.0,5.0,3.0,20.0,19.0,2.0,11.0,2,0.23536327169213886
14.0,18.0,13.0,6.0,4.0,11.0,27.0,1.0,6.0,2.0,7.0,21.0,10.0,8.0,5.0,2.0,4.0,12.0,13.0,5.0,31.0,11.0,22.0,41.0,6.0,4.0,13.0,10.0,6.0,4.0,7.0,3.0,10.0,18.0,7.0,4.0,11.0,2.0,3.0,18.0,4.0,11.0,21.0,36.0,6.0,0.0,5.0,8.0,12.0,19.0,23.0,12.0,8.0,3.0,15.0,2.0,6.0,11.0,6.0,3.0,5.0,7.0,18.0,15.0,4.0,4.0,8.0,4.0,7.0,5.0,4.0,5.0,9.0,3.0,3.0,6.0,3.0,2.0,10.0,9.0,13.0,10.0,9.0,15.0,6.0,10.0,3.0,19.0,14.0,7.0,10.0,5.0,4.0,27.0,3.0,7.0,8.0,19.0,2.0,8.0,2,0.27400981043520495
12.0,20.0,6.0,4.0,4.0,10.0,30.0,7.0,7.0,6.0,16.0,14.0,1.0,5.0,1.0,3.0,3.0,10.0,22.0,4.0,31.0,15.0,18.0,44.0,10.0,7.0,20.0,7.0,6.0,7.0,3.0,11.0,14.0,14.0,4.0,4.0,9.0,4.0,3.0,28.0,9.0,4.0,13.0,39.0,3.0,5.0,7.0,6.0,13.0,24.0,25.0,20.0,8.0,7.0,19.0,0.0,5.0,12.0,5.0,1.0,3.0,8.0,19.0,6.0,3.0,7.0,11.0,3.0,10.0,2.0,6.0,10.0,8.0,6.0,0.0,8.0,4.0,9.0,11.0,5.0,8.0,15.0,2.0,4.0,8.0,5.0,2.0,16.0,14.0,7.0,4.0,7.0,10.0,40.0,3.0,4.0,21.0,15.0,1.0,7.0,2,0.23848969635005046
2.0,8.0,15.0,13.0,10.0,7.0,11.0,7.0,3.0,0.0,1.0,1.0,7.0,16.0,3.0,1.0,3.0,6.0,7.0,16.0,21.0,17.0,18.0,8.0,17.0,2.0,41.0,2.0,25.0,13.0,24.0,5.0,2.0,8.0,20.0,4.0,21.0,7.0,7.0,42.0,12.0,3.0,6.0,5.0,4.0,2.0,0.0,7.0,16.0,16.0,4.0,13.0,13.0,13.0,8.0,2.0,7.0,7.0,8.0,7.0,20.0,19.0,16.0,19.0,3.0,34.0,18.0,8.0,3.0,7.0,2.0,1.0,0.0,7.0,1.0,5.0,0.0,2.0,40.0,7.0,0.0,3.0,26.0,15.0,3.0,4.0,18.0,1.0,4.0,4.0,25.0,11.0,6.0,15.0,12.0,4.0,1.0,13.0,1.0,26.0,1,0.054629821952224385
12.0,17.0,8.0,4.0,3.0,10.0,29.0,5.0,11.0,8.0,20.0,16.0,9.0,4.0,3.0,5.0,1.0,11.0,27.0,7.0,49.0,16.0,16.0,44.0,7.0,7.0,11.0,11.0,7.0,1.0,7.0,15.0,9.0,33.0,12.0,1.0,6.0,8.0,3.0,20.0,9.0,7.0,20.0,31.0,0.0,2.0,9.0,8.0,6.0,17.0,20.0,12.0,3.0,4.0,17.0,6.0,7.0,12.0,2.0,3.0,3.0,4.0,23.0,2.0,2.0,3.0,12.0,11.0,7.0,3.0,5.0,7.0,9.0,6.0,3.0,15.0,2.0,12.0,5.0,4.0,11.0,13.0,6.0,7.0,5.0,11.0,5.0,20.0,15.0,9.0,4.0,9.0,5.0,38.0,3.0,3.0,15.0,19.0,5.0,0.0,2,0.05604542652894668
8.0,16.0,6.0,10.0,4.0,13.0,26.0,5.0,8.0,12.0,13.0,15.0,8.0,3.0,2.0,4.0,3.0,14.0,32.0,2.0,38.0,12.0,12.0,38.0,7.0,5.0,14.0,5.0,6.0,4.0,3.0,15.0,7.0,17.0,7.0,3.0,17.0,1.0,1.0,25.0,6.0,8.0,12.0,29.0,0.0,3.0,3.0,10.0,4.0,14.0,23.0,13.0,6.0,6.0,10.0,2.0,10.0,11.0,8.0,2.0,2.0,1.0,23.0,7.0,5.0,4.0,9.0,6.0,9.0,5.0,2.0,9.0,5.0,6.0,2.0,13.0,2.0,10.0,6.0,6.0,21.0,5.0,4.0,10.0,5.0,14.0,4.0,29.0,13.0,6.0,2.0,8.0,7.0,46.0,4.0,6.0,11.0,19.0,1.0,14.0,2,0.1885635898110159
1.0,9.0,30.0,10.0,6.0,8.0,8.0,9.0,1.0,0.0,4.0,1.0,5.0,12.0,5.0,1.0,13.0,11.0,4.0,13.0,42.0,25.0,6.0,7.0,17.0,0.0,36.0,2.0,25.0,21.0,15.0,3.0,1.0,4.0,12.0,9.0,33.0,0.0,5.0,45.0,16.0,0.0,4.0,4.0,8.0,5.0,1.0,14.0,11.0,22.0,3.0,13.0,19.0,11.0,1.0,5.0,3.0,2.0,4.0,5.0,24.0,14.0,15.0,17.0,11.0,35.0,5.0,6.0,2.0,11.0,0.0,3.0,2.0,9.0,1.0,4.0,0.0,4.0,30.0,6.0,1.0,8.0,20.0,22.0,4.0,3.0,13.0,2.0,2.0,2.0,13.0,6.0,15.0,11.0,12.0,5.0,4.0,23.0,0.0,24.0,1,0.004089231915411517
2.0,6.0,20.0,10.0,8.0,3.0,6.0,4.0,1.0,1.0,5.0,1.0,8.0,10.0,5.0,0.0,4.0,9.0,5.0,19.0,32.0,13.0,8.0,7.0,11.0,1.0,51.0,2.0,21.0,11.0,15.0,2.0,3.0,6.0,20.0,4.0,34.0,3.0,11.0,36.0,8.0,0.0,5.0,5.0,8.0,3.0,1.0,11.0,9.0,26.0,1.0,14.0,20.0,7.0,0.0,2.0,6.0,4.0,8.0,9.0,17.0,16.0,12.0,17.0,15.0,27.0,6.0,6.0,1.0,8.0,1.0,2.0,2.0,10.0,3.0,8.0,0.0,1.0,23.0,6.0,1.0,4.0,19.0,21.0,5.0,3.0,10.0,1.0,2.0,0.0,19.0,6.0,8.0,18.0,12.0,13.0,3.0,14.0,1.0,30.0,1,0.027976223347839613
10.0,24.0,10.0,8.0,11.0,13.0,28.0,4.0,11.0,9.0,17.0,14.0,7.0,6.0,1.0,1.0,2.0,14.0,21.0,3.0,34.0,15.0,22.0,41.0,7.0,8.0,20.0,10.0,10.0,4.0,4.0,19.0,13.0,10.0,11.0,5.0,9.0,3.0,2.0,35.0,5.0,11.0,17.0,23.0,2.0,2.0,3.0,4.0,9.0,16.0,23.0,12.0,6.0,3.0,10.0,3.0,5.0,14.0,6.0,5.0,3.0,4.0,20.0,7.0,1.0,4.0,9.0,6.0,8.0,1.0,11.0,6.0,4.0,7.0,1.0,15.0,2.0,9.0,3.0,6.0,10.0,8.0,7.0,8.0,9.0,16.0,1.0,19.0,8.0,5.0,6.0,7.0,12.0,33.0,4.0,5.0,16.0,20.0,5.0,17.0,2,0.1861164203234088
38.0,6.0,6.0,31.0,11.0,17.0,3.0,4.0,1.0,2.0,11.0,12.0,7.0,4.0,9.0,3.0,8.0,6.0,4.0,14.0,14.0,9.0,24.0,0.0,16.0,3.0,15.0,13.0,2.0,19.0,9.0,6.0,10.0,2.0,6.0,1.0,12.0,4.0,10.0,10.0,9.0,8.0,10.0,16.0,8.0,4.0,5.0,13.0,10.0,4.0,6.0,25.0,2.0,14.0,15.0,6.0,3.0,5.0,15.0,0.0,5.0,10.0,3.0,28.0,2.0,6.0,9.0,3.0,6.0,7.0,15.0,10.0,6.0,12.0,4.0,5.0,11.0,3.0,21.0,8.0,29.0,2.0,4.0,18.0,10.0,8.0,6.0,14.0,23.0,2.0,13.0,23.0,0.0,5.0,1.0,13.0,3.0,55.0,4.0,21.0,0,0.12834460052513516
32.0,3.0,4.0,23.0,19.0,24.0,1.0,7.0,2.0,2.0,19.0,11.0,4.0,5.0,9.0,5.0,8.0,7.0,4.0,7.0,6.0,11.0,27.0,2.0,9.0,3.0,8.0,7.0,3.0,24.0,7.0,3.0,15.0,2.0,12.0,2.0,8.0,2.0,4.0,8.0,11.0,9.0,11.0,18.0,9.0,4.0,6.0,15.0,9.0,4.0,9.0,17.0,1.0,10.0,16.0,2.0,0.0,3.0,19.0,0.0,5.0,9.0,2.0,37.0,3.0,9.0,7.0,3.0,2.0,8.0,19.0,5.0,9.0,7.0,3.0,11.0,4.0,4.0,10.0,9.0,33.0,3.0,8.0,27.0,8.0,19.0,5.0,11.0,19.0,4.0,18.0,21.0,1.0,8.0,1.0,14.0,0.0,50.0,3.0,20.0,0,0.0547876677247477
5.0,4.0,17.0,11.0,5.0,7.0,17.0,4.0,6.0,2.0,5.0,2.0,8.0,25.0,6.0,4.0,4.0,9.0,8.0,17.0,24.0,25.0,16.0,9.0,15.0,2.0,46.0,1.0,17.0,12.0,17.0,5.0,4.0,7.0,17.0,3.0,22.0,7.0,9.0,40.0,5.0,5.0,5.0,8.0,7.0,4.0,3.0,18.0,15.0,23.0,3.0,14.0,22.0,13.0,9.0,5.0,4.0,7.0,5.0,4.0,16.0,15.0,13.0,17.0,6.0,32.0,12.0,6.0,3.0,12.0,3.0,2.0,2.0,9.0,2.0,3.0,1.0,3.0,22.0,1.0,5.0,8.0,22.0,19.0,5.0,8.0,6.0,6.0,9.0,4.0,17.0,13.0,14.0,16.0,13.0,3.0,2.0,20.0,0.0,33.0,1,0.19102316125892477
30.0,6.0,5.0,44.0,15.0,12.0,3.0,5.0,5.0,2.0,13.0,4.0,3.0,4.0,5.0,6.0,8.0,9.0,6.0,14.0,1.0,9.0,27.0,2.0,10.0,1.0,8.0,14.0,2.0,17.0,14.0,3.0,13.0,6.0,5.0,1.0,7.0,4.0,9.0,14.0,5.0,5.0,21.0,15.0,5.0,3.0,2.0,20.0,15.0,2.0,5.0,20.0,6.0,14.0,22.0,2.0,0.0,2.0,23.0,0.0,7.0,10.0,4.0,31.0,3.0,7.0,8.0,5.0,5.0,13.0,15.0,13.0,8.0,5.0,4.0,9.0,11.0,1.0,16.0,11.0,28.0,4.0,7.0,26.0,10.0,10.0,2.0,9.0,21.0,0.0,19.0,32.0,0.0,7.0,0.0,17.0,2.0,53.0,4.0,29.0,0,0.08685611751517869
3.0,8.0,10.0,17.0,5.0,8.0,16.0,13.0,5.0,3.0,3.0,4.0,5.0,15.0,2.0,2.0,7.0,7.0,11.0,16.0,25.0,12.0,15.0,17.0,6.0,3.0,38.0,3.0,14.0,14.0,14.0,3.0,5.0,6.0,17.0,10.0,26.0,4.0,10.0,25.0,4.0,3.0,9.0,8.0,7.0,1.0,3.0,13.0,8.0,15.0,7.0,18.0,20.0,11.0,2.0,4.0,6.0,9.0,12.0,4.0,9.0,16.0,11.0,34.0,6.0,25.0,9.0,13.0,4.0,6.0,2.0,3.0,5.0,10.0,2.0,3.0,0.0,6.0,43.0,4.0,6.0,8.0,17.0,14.0,5.0,9.0,10.0,11.0,5.0,3.0,18.0,7.0,6.0,13.0,12.0,12.0,2.0,20.0,1.0,31.0,1,0.25882237070596964
19.0,4.0,7.0,19.0,20.0,14.0,9.0,6.0,3.0,3.0,9.0,12.0,7.0,3.0,2.0,4.0,11.0,7.0,9.0,14.0,6.0,8.0,32.0,4.0,14.0,4.0,11.0,3.0,4.0,19.0,8.0,2.0,16.0,0.0,11.0,2.0,13.0,2.0,11.0,9.0,8.0,6.0,13.0,15.0,11.0,8.0,2.0,17.0,11.0,6.0,12.0,20.0,2.0,15.0,17.0,3.0,0.0,0.0,16.0,0.0,3.0,10.0,5.0,36.0,5.0,10.0,9.0,5.0,7.0,10.0,13.0,12.0,8.0,7.0,8.0,5.0,12.0,3.0,8.0,12.0,30.0,6.0,8.0,20.0,5.0,9.0,7.0,9.0,16.0,2.0,15.0,32.0,1.0,10.0,2.0,10.0,2.0,61.0,11.0,27.0,0,0.18198899877034294
31.0,4.0,4.0,25.0,17.0,15.0,5.0,6.0,2.0,6.0,12.0,17.0,7.0,8.0,5.0,5.0,9.0,4.0,6.0,7.0,9.0,12.0,28.0,5.0,19.0,0.0,8.0,10.0,4.0,20.0,10.0,2.0,12.0,3.0,7.0,1.0,7.0,4.0,10.0,9.0,9.0,11.0,9.0,10.0,8.0,5.0,7.0,16.0,10.0,5.0,12.0,14.0,1.0,22.0,11.0,5.0,2.0,5.0,20.0,2.0,7.0,10.0,2.0,34.0,2.0,8.0,11.0,2.0,5.0,10.0,9.0,4.0,7.0,6.0,4.0,13.0,9.0,3.0,16.0,5.0,31.0,7.0,11.0,28.0,8.0,14.0,4.0,7.0,23.0,2.0,16.0,24.0,2.0,5.0,1.0,16.0,1.0,48.0,5.0,17.0,0,0.13839817441235266
11.0,34.0,6.0,3.0,6.0,6.0,27.0,4.0,7.0,5.0,14.0,13.0,4.0,8.0,1.0,2.0,1.0,13.0,25.0,3.0,40.0,18.0,19.0,47.0,8.0,7.0,15.0,9.0,6.0,8.0,8.0,15.0,11.0,14.0,8.0,6.0,9.0,3.0,2.0,30.0,6.0,7.0,13.0,30.0,0.0,2.0,6.0,3.0,8.0,26.0,24.0,9.0,4.0,1.0,20.0,3.0,6.0,10.0,5.0,1.0,4.0,4.0,12.0,11.0,5.0,9.0,11.0,4.0,5.0,4.0,4.0,6.0,9.0,9.0,5.0,13.0,2.0,5.0,7.0,8.0,19.0,8.0,4.0,8.0,6.0,12.0,4.0,14.0,10.0,8.0,8.0,4.0,13.0,45.0,1.0,8.0,14.0,14.0,3.0,5.0,2,0.17202463658012887
30.0,9.0,3.0,27.0,19.0,22.0,6.0,13.0,3.0,3.0,11.0,17.0,11.0,4.0,11.0,11.0,4.0,11.0,12.0,15.0,15.0,14.0,28.0,10.0,9.0,4.0,16.0,11.0,2.0,16.0,9.0,4.0,13.0,3.0,12.0,3.0,9.0,2.0,7.0,27.0,12.0,6.0,15.0,12.0,13.0,6.0,6.0,8.0,13.0,7.0,11.0,18.0,2.0,14.0,15.0,6.0,1.0,3.0,25.0,3.0,5.0,12.0,8.0,26.0,1.0,10.0,12.0,2.0,6.0,8.0,5.0,7.0,6.0,14.0,6.0,7.0,10.0,3.0,23.0,11.0,28.0,7.0,10.0,16.0,5.0,5.0,8.0,12.0,20.0,3.0,19.0,21.0,0.0,8.0,3.0,11.0,1.0,48.0,4.0,24.0,0,0.24241220137341302
10.0,22.0,13.0,10.0,6.0,9.0,23.0,2.0,9.0,9.0,19.0,11.0,5.0,11.0,0.0,2.0,3.0,15.0,25.0,3.0,31.0,14.0,15.0,38.0,8.0,3.0,21.0,7.0,5.0,6.0,3.0,8.0,23.0,8.0,4.0,3.0,11.0,3.0,1.0,29.0,5.0,6.0,10.0,18.0,4.0,3.0,4.0,4.0,6.0,10.0,17.0,16.0,4.0,6.0,11.0,3.0,9.0,9.0,0.0,3.0,1.0,5.0,20.0,7.0,5.0,5.0,19.0,4.0,8.0,4.0,2.0,3.0,7.0,8.0,2.0,8.0,5.0,6.0,11.0,4.0,15.0,5.0,6.0,13.0,5.0,12.0,6.0,15.0,15.0,7.0,9.0,7.0,8.0,37.0,2.0,10.0,17.0,13.0,2.0,13.0,2,0.2871807240107209
27.0,2.0,4.0,25.0,14.0,25.0,1.0,3.0,1.0,4.0,11.0,11.0,8.0,8.0,6.0,6.0,4.0,10.0,5.0,13.0,6.0,10.0,37.0,3.0,10.0,2.0,7.0,4.0,2.0,25.0,10.0,5.0,11.0,2.0,6.0,1.0,12.0,2.0,11.0,15.0,3.0,11.0,14.0,13.0,7.0,10.0,9.0,14.0,10.0,4.0,7.0,23.0,4.0,15.0,9.0,7.0,0.0,3.0,22.0,0.0,2.0,12.0,2.0,42.0,1.0,12.0,7.0,4.0,6.0,7.0,10.0,8.0,8.0,14.0,3.0,4.0,7.0,4.0,10.0,8.0,51.0,3.0,8.0,21.0,7.0,13.0,4.0,8.0,15.0,0.0,20.0,23.0,0.0,3.0,2.0,10.0,4.0,46.0,5.0,18.0,0,0.07788955731584564
11.0,17.0,15.0,5.0,5.0,9.0,30.0,3.0,9.0,5.0,12.0,16.0,9.0,5.0,2.0,2.0,5.0,8.0,27.0,3.0,31.0,7.0,14.0,45.0,6.0,12.0,18.0,6.0,4.0,2.0,4.0,13.0,11.0,16.0,4.0,3.0,9.0,2.0,1.0,25.0,14.0,11.0,16.0,36.0,5.0,2.0,3.0,5.0,13.0,14.0,26.0,10.0,6.0,6.0,20.0,4.0,7.0,12.0,8.0,2.0,2.0,2.0,12.0,1.0,4.0,1.0,16.0,3.0,8.0,3.0,5.0,6.0,8.0,9.0,0.0,15.0,1.0,4.0,9.0,4.0,10.0,12.0,2.0,8.0,4.0,18.0,2.0,15.0,6.0,5.0,8.0,6.0,4.0,43.0,1.0,4.0,19.0,20.0,3.0,8.0,2,0.12040348980143765
10.0,10.0,15.0,10.0,8.0,7.0,13.0,3.0,2.0,1.0,7.0,3.0,12.0,14.0,7.0,1.0,5.0,7.0,9.0,19.0,25.0,18.0,15.0,15.0,10.0,1.0,30.0,5.0,18.0,14.0,17.0,3.0,8.0,7.0,15.0,6.0,24.0,6.0,6.0,33.0,9.0,0.0,8.0,10.0,6.0,3.0,2.0,12.0,13.0,19.0,2.0,18.0,12.0,9.0,4.0,1.0,8.0,7.0,9.0,3.0,8.0,13.0,20.0,11.0,6.0,29.0,7.0,8.0,4.0,8.0,1.0,1.0,4.0,10.0,1.0,5.0,3.0,1.0,23.0,6.0,7.0,8.0,26.0,25.0,3.0,5.0,8.0,4.0,6.0,1.0,19.0,5.0,10.0,18.0,12.0,8.0,6.0,25.0,0.0,24.0,1,0.26554214565240764
3.0,3.0,16.0,13.0,8.0,9.0,11.0,4.0,2.0,1.0,3.0,1.0,4.0,14.0,5.0,1.0,5.0,10.0,5.0,15.0,25.0,13.0,13.0,4.0,11.0,0.0,39.0,2.0,26.0,11.0,17.0,2.0,2.0,10.0,23.0,5.0,23.0,3.0,6.0,31.0,7.0,0.0,13.0,8.0,10.0,3.0,0.0,16.0,13.0,21.0,2.0,19.0,18.0,10.0,1.0,4.0,8.0,9.0,4.0,5.0,18.0,22.0,8.0,28.0,1.0,39.0,13.0,8.0,3.0,11.0,0.0,1.0,1.0,14.0,0.0,7.0,0.0,3.0,43.0,7.0,5.0,7.0,20.0,22.0,7.0,3.0,9.0,6.0,7.0,0.0,19.0,11.0,8.0,11.0,12.0,8.0,2.0,22.0,0.0,26.0,1,0.08060035721709738
5.0,9.0,19.0,12.0,8.0,10.0,11.0,4.0,3.0,3.0,2.0,2.0,7.0,11.0,8.0,1.0,5.0,7.0,8.0,13.0,23.0,17.0,14.0,9.0,9.0,0.0,36.0,4.0,16.0,12.0,14.0,6.0,3.0,9.0,13.0,5.0,21.0,6.0,7.0,40.0,5.0,2.0,12.0,10.0,6.0,1.0,3.0,11.0,9.0,20.0,1.0,9.0,16.0,12.0,2.0,3.0,4.0,5.0,8.0,3.0,15.0,23.0,18.0,13.0,9.0,22.0,8.0,10.0,4.0,5.0,0.0,3.0,0.0,7.0,2.0,4.0,3.0,3.0,27.0,7.0,5.0,9.0,25.0,18.0,11.0,3.0,13.0,12.0,3.0,2.0,24.0,4.0,5.0,15.0,16.0,9.0,3.0,22.0,2.0,38.0,1,0.20182891951881193
10.0,44.0,13.0,5.0,3.0,13.0,33.0,5.0,6.0,2.0,22.0,17.0,1.0,5.0,2.0,7.0,7.0,9.0,17.0,4.0,38.0,13.0,18.0,61.0,7.0,9.0,18.0,12.0,8.0,1.0,7.0,13.0,12.0,17.0,7.0,6.0,11.0,7.0,0.0,39.0,13.0,13.0,13.0,32.0,3.0,1.0,4.0,4.0,7.0,23.0,24.0,14.0,0.0,4.0,17.0,5.0,8.0,15.0,5.0,2.0,2.0,3.0,22.0,3.0,3.0,2.0,10.0,3.0,6.0,0.0,7.0,6.0,6.0,9.0,2.0,24.0,0.0,2.0,3.0,5.0,14.0,11.0,3.0,14.0,6.0,7.0,4.0,19.0,6.0,6.0,4.0,3.0,6.0,53.0,3.0,4.0,26.0,15.0,3.0,7.0,2,0.11327818228606687
28.0,4.0,5.0,24.0,9.0,22.0,0.0,3.0,2.0,3.0,9.0,4.0,7.0,5.0,8.0,9.0,9.0,6.0,6.0,18.0,5.0,9.0,29.0,0.0,5.0,1.0,12.0,5.0,4.0,24.0,11.0,3.0,9.0,0.0,8.0,1.0,7.0,1.0,10.0,18.0,12.0,9.0,16.0,10.0,4.0,3.0,1.0,15.0,7.0,2.0,7.0,22.0,2.0,13.0,12.0,12.0,0.0,2.0,23.0,0.0,2.0,6.0,4.0,37.0,1.0,9.0,8.0,3.0,6.0,7.0,11.0,5.0,2.0,16.0,4.0,7.0,4.0,3.0,22.0,7.0,42.0,2.0,6.0,28.0,7.0,18.0,3.0,7.0,28.0,2.0,10.0,34.0,1.0,4.0,0.0,16.0,1.0,46.0,3.0,20.0,0,0.03968703192315456
30.0,4.0,5.0,20.0,11.0,25.0,0.0,9.0,1.0,0.0,5.0,9.0,3.0,3.0,6.0,7.0,12.0,4.0,6.0,18.0,4.0,14.0,34.0,0.0,4.0,0.0,8.0,10.0,3.0,16.0,7.0,1.0,9.0,4.0,5.0,0.0,8.0,3.0,7.0,9.0,9.0,2.0,16.0,18.0,9.0,6.0,6.0,12.0,6.0,1.0,6.0,13.0,2.0,17.0,10.0,9.0,0.0,2.0,18.0,0.0,5.0,11.0,5.0,41.0,1.0,8.0,11.0,2.0,7.0,6.0,13.0,10.0,3.0,9.0,6.0,9.0,9.0,1.0,19.0,10.0,43.0,1.0,2.0,14.0,5.0,12.0,5.0,8.0,30.0,1.0,20.0,33.0,0.0,4.0,1.0,7.0,1.0,57.0,3.0,19.0,0,0.023318493334060584
14.0,21.0,9.0,5.0,3.0,5.0,34.0,2.0,6.0,3.0,11.0,16.0,6.0,6.0,2.0,0.0,1.0,13.0,26.0,7.0,36.0,19.0,12.0,33.0,10.0,7.0,13.0,7.0,9.0,10.0,8.0,18.0,6.0,21.0,8.0,7.0,10.0,9.0,2.0,26.0,8.0,9.0,14.0,21.0,3.0,4.0,2.0,8.0,17.0,18.0,18.0,14.0,3.0,4.0,20.0,3.0,13.0,16.0,9.0,3.0,2.0,5.0,19.0,7.0,5.0,4.0,12.0,2.0,9.0,4.0,5.0,9.0,7.0,9.0,1.0,12.0,3.0,8.0,11.0,5.0,11.0,6.0,5.0,4.0,3.0,10.0,10.0,22.0,11.0,4.0,9.0,7.0,5.0,35.0,3.0,4.0,13.0,17.0,7.0,4.0,2,0.2111407465406485
32.0,4.0,2.0,31.0,13.0,8.0,4.0,8.0,3.0,1.0,9.0,19.0,6.0,7.0,9.0,7.0,7.0,13.0,2.0,18.0,11.0,14.0,22.0,5.0,9.0,1.0,17.0,8.0,5.0,13.0,17.0,2.0,14.0,4.0,8.0,0.0,10.0,2.0,7.0,14.0,7.0,12.0,16.0,17.0,8.0,4.0,2.0,15.0,11.0,4.0,11.0,20.0,1.0,11.0,10.0,7.0,0.0,3.0,28.0,1.0,4.0,6.0,9.0,36.0,3.0,13.0,8.0,5.0,6.0,9.0,8.0,5.0,7.0,8.0,3.0,5.0,11.0,3.0,17.0,8.0,25.0,3.0,7.0,22.0,6.0,20.0,2.0,11.0,23.0,5.0,16.0,25.0,1.0,6.0,5.0,14.0,4.0,54.0,3.0,22.0,0,0.15066163600592708
6.0,9.0,17.0,15.0,6.0,16.0,16.0,2.0,3.0,2.0,5.0,3.0,8.0,17.0,0.0,1.0,2.0,9.0,8.0,13.0,23.0,19.0,11.0,16.0,6.0,3.0,24.0,6.0,14.0,16.0,12.0,4.0,10.0,6.0,20.0,5.0,17.0,2.0,6.0,45.0,6.0,2.0,7.0,16.0,6.0,6.0,0.0,16.0,7.0,12.0,3.0,13.0,16.0,3.0,6.0,2.0,5.0,8.0,10.0,5.0,10.0,18.0,16.0,18.0,9.0,28.0,6.0,6.0,8.0,10.0,4.0,3.0,1.0,12.0,3.0,7.0,1.0,2.0,33.0,2.0,6.0,7.0,22.0,21.0,5.0,4.0,9.0,3.0,8.0,1.0,17.0,10.0,7.0,17.0,8.0,7.0,7.0,11.0,1.0,21.0,1,0.25129535405342046
4.0,7.0,27.0,6.0,4.0,9.0,12.0,9.0,2.0,4.0,5.0,3.0,8.0,13.0,2.0,1.0,6.0,8.0,7.0,17.0,24.0,18.0,17.0,4.0,7.0,1.0,28.0,2.0,14.0,17.0,13.0,5.0,3.0,4.0,19.0,10.0,23.0,2.0,14.0,37.0,12.0,3.0,3.0,3.0,14.0,3.0,4.0,12.0,10.0,23.0,4.0,17.0,19.0,10.0,7.0,1.0,5.0,11.0,3.0,4.0,18.0,15.0,17.0,23.0,7.0,30.0,10.0,10.0,4.0,11.0,0.0,1.0,4.0,7.0,2.0,6.0,1.0,3.0,31.0,8.0,7.0,7.0,28.0,20.0,6.0,7.0,13.0,5.0,6.0,1.0,21.0,6.0,9.0,19.0,13.0,12.0,4.0,17.0,0.0,34.0,1,0.19587689012600148
2.0,5.0,17.0,9.0,4.0,6.0,12.0,10.0,3.0,0.0,1.0,1.0,8.0,17.0,8.0,4.0,2.0,6.0,7.0,12.0,20.0,19.0,15.0,7.0,17.0,1.0,42.0,3.0,24.0,14.0,16.0,1.0,1.0,5.0,22.0,4.0,33.0,7.0,5.0,35.0,12.0,1.0,5.0,5.0,12.0,0.0,0.0,10.0,7.0,17.0,1.0,16.0,18.0,14.0,2.0,4.0,10.0,9.0,6.0,8.0,16.0,17.0,15.0,26.0,14.0,29.0,5.0,5.0,3.0,9.0,0.0,0.0,1.0,6.0,1.0,5.0,0.0,2.0,36.0,6.0,1.0,2.0,24.0,15.0,6.0,4.0,15.0,0.0,4.0,2.0,20.0,8.0,7.0,7.0,10.0,3.0,4.0,16.0,0.0,28.0,1,0.012949172233586092
9.0,26.0,11.0,1.0,3.0,10.0,41.0,1.0,6.0,5.0,12.0,21.0,8.0,3.0,0.0,4.0,10.0,1.0,18.0,5.0,32.0,13.0,13.0,47.0,8.0,3.0,9.0,13.0,8.0,6.0,5.0,20.0,4.0,20.0,11.0,4.0,8.0,3.0,0.0,26.0,6.0,5.0,20.0,35.0,3.0,2.0,7.0,3.0,9.0,19.0,23.0,6.0,2.0,2.0,12.0,5.0,7.0,22.0,2.0,2.0,0.0,3.0,25.0,3.0,0.0,3.0,15.0,3.0,3.0,3.0,6.0,7.0,16.0,9.0,0.0,24.0,2.0,9.0,3.0,6.0,12.0,9.0,1.0,4.0,7.0,15.0,5.0,24.0,11.0,2.0,3.0,7.0,8.0,47.0,0.0,5.0,18.0,16.0,1.0,6.0,2,0.04715033734407618
17.0,19.0,12.0,11.0,2.0,7.0,35.0,3.0,4.0,9.0,9.0,17.0,6.0,3.0,2.0,2.0,7.0,13.0,15.0,3.0,34.0,13.0,13.0,26.0,8.0,6.0,21.0,6.0,6.0,2.0,8.0,23.0,8.0,12.0,5.0,2.0,16.0,3.0,2.0,26.0,6.0,5.0,22.0,24.0,1.0,1.0,5.0,8.0,3.0,12.0,18.0,12.0,4.0,3.0,18.0,5.0,9.0,12.0,1.0,2.0,3.0,7.0,26.0,7.0,2.0,5.0,9.0,3.0,7.0,2.0,5.0,6.0,2.0,7.0,0.0,13.0,5.0,9.0,14.0,9.0,9.0,13.0,7.0,12.0,6.0,18.0,4.0,16.0,7.0,12.0,9.0,2.0,8.0,37.0,6.0,8.0,9.0,14.0,4.0,7.0,2,0.2770683854894066
7.0,8.0,14.0,10.0,11.0,6.0,8.0,5.0,2.0,3.0,2.0,3.0,6.0,15.0,5.0,1.0,4.0,5.0,5.0,13.0,25.0,11.0,12.0,10.0,10.0,0.0,28.0,2.0,19.0,11.0,13.0,2.0,9.0,10.0,17.0,3.0,24.0,5.0,10.0,34.0,10.0,3.0,10.0,7.0,5.0,3.0,2.0,7.0,11.0,20.0,5.0,15.0,16.0,10.0,5.0,2.0,2.0,7.0,7.0,4.0,17.0,17.0,16.0,21.0,11.0,39.0,8.0,12.0,5.0,11.0,3.0,2.0,1.0,13.0,3.0,6.0,0.0,4.0,17.0,4.0,4.0,6.0,28.0,24.0,10.0,13.0,10.0,5.0,4.0,2.0,21.0,5.0,5.0,16.0,16.0,3.0,5.0,19.0,1.0,26.0,1,0.1905796108836593
5.0,7.0,17.0,10.0,9.0,2.0,7.0,2.0,5.0,0.0,5.0,4.0,8.0,18.0,5.0,1.0,4.0,4.0,9.0,16.0,30.0,19.0,16.0,12.0,8.0,0.0,32.0,4.0,17.0,19.0,21.0,4.0,5.0,7.0,12.0,4.0,27.0,2.0,4.0,34.0,14.0,1.0,11.0,11.0,8.0,5.0,0.0,11.0,9.0,20.0,8.0,17.0,16.0,8.0,3.0,2.0,7.0,6.0,8.0,12.0,20.0,23.0,13.0,21.0,9.0,28.0,11.0,9.0,5.0,11.0,0.0,0.0,4.0,8.0,4.0,2.0,0.0,3.0,31.0,7.0,3.0,7.0,36.0,13.0,4.0,6.0,15.0,5.0,2.0,1.0,22.0,4.0,4.0,18.0,9.0,3.0,3.0,25.0,0.0,29.0,1,0.17438628709818046
7.0,6.0,16.0,8.0,8.0,5.0,12.0,7.0,0.0,3.0,2.0,0.0,2.0,11.0,4.0,0.0,6.0,8.0,8.0,22.0,28.0,16.0,16.0,8.0,15.0,1.0,39.0,4.0,24.0,13.0,12.0,5.0,3.0,6.0,15.0,9.0,22.0,3.0,15.0,35.0,9.0,4.0,4.0,4.0,8.0,1.0,1.0,4.0,13.0,15.0,1.0,14.0,15.0,10.0,2.0,5.0,6.0,3.0,8.0,8.0,28.0,15.0,28.0,17.0,11.0,36.0,9.0,9.0,1.0,13.0,0.0,2.0,0.0,9.0,0.0,8.0,1.0,7.0,42.0,7.0,2.0,5.0,24.0,22.0,5.0,3.0,15.0,3.0,4.0,0.0,16.0,7.0,8.0,15.0,13.0,8.0,4.0,13.0,1.0,32.0,1,0.0628220316646853
11.0,23.0,7.0,2.0,5.0,14.0,34.0,4.0,5.0,9.0,5.0,20.0,10.0,5.0,1.0,5.0,3.0,8.0,19.0,2.0,49.0,15.0,17.0,46.0,7.0,7.0,12.0,11.0,9.0,3.0,2.0,14.0,19.0,25.0,8.0,0.0,8.0,9.0,1.0,24.0,8.0,8.0,19.0,42.0,1.0,1.0,7.0,3.0,7.0,29.0,28.0,7.0,7.0,2.0,10.0,5.0,12.0,16.0,1.0,2.0,2.0,1.0,16.0,1.0,4.0,1.0,13.0,1.0,11.0,2.0,4.0,8.0,7.0,4.0,0.0,16.0,4.0,5.0,1.0,0.0,12.0,8.0,2.0,7.0,2.0,15.0,3.0,22.0,13.0,7.0,5.0,0.0,7.0,51.0,1.0,6.0,22.0,18.0,2.0,4.0,2,0.008009084525708575
23.0,5.0,5.0,20.0,11.0,16.0,6.0,4.0,5.0,4.0,12.0,14.0,11.0,5.0,8.0,7.0,6.0,9.0,6.0,4.0,15.0,12.0,24.0,6.0,8.0,1.0,14.0,12.0,4.0,28.0,9.0,3.0,15.0,5.0,10.0,2.0,14.0,2.0,11.0,17.0,7.0,14.0,12.0,12.0,4.0,2.0,2.0,12.0,10.0,7.0,10.0,20.0,2.0,11.0,11.0,3.0,1.0,6.0,14.0,0.0,10.0,15.0,8.0,41.0,3.0,14.0,13.0,4.0,4.0,7.0,13.0,11.0,9.0,5.0,4.0,7.0,7.0,4.0,20.0,11.0,24.0,4.0,6.0,13.0,13.0,4.0,7.0,15.0,23.0,1.0,13.0,25.0,3.0,9.0,3.0,6.0,4.0,46.0,6.0,13.0,0,0.28105450306109736
4.0,7.0,18.0,9.0,2.0,7.0,12.0,5.0,1.0,1.0,4.0,4.0,6.0,22.0,3.0,0.0,6.0,9.0,7.0,13.0,17.0,22.0,12.0,15.0,8.0,0.0,36.0,2.0,15.0,10.0,12.0,5.0,2.0,5.0,17.0,5.0,25.0,7.0,7.0,44.0,10.0,2.0,4.0,10.0,6.0,4.0,3.0,9.0,14.0,21.0,3.0,19.0,11.0,5.0,4.0,2.0,3.0,10.0,15.0,4.0,18.0,15.0,24.0,18.0,5.0,30.0,10.0,12.0,4.0,12.0,0.0,1.0,1.0,8.0,1.0,3.0,1.0,3.0,39.0,5.0,5.0,7.0,22.0,21.0,2.0,6.0,17.0,7.0,3.0,2.0,20.0,4.0,7.0,21.0,10.0,5.0,2.0,23.0,3.0,25.0,1,0.13769038900563202
7.0,4.0,16.0,15.0,4.0,11.0,15.0,4.0,3.0,1.0,3.0,3.0,7.0,18.0,6.0,1.0,7.0,15.0,8.0,15.0,32.0,18.0,12.0,13.0,21.0,0.0,24.0,4.0,21.0,9.0,7.0,2.0,5.0,10.0,25.0,1.0,15.0,4.0,10.0,34.0,8.0,2.0,6.0,16.0,9.0,6.0,3.0,12.0,10.0,17.0,8.0,18.0,17.0,11.0,4.0,4.0,5.0,6.0,7.0,10.0,10.0,14.0,12.0,20.0,7.0,21.0,8.0,5.0,3.0,11.0,5.0,4.0,0.0,18.0,0.0,6.0,1.0,4.0,31.0,8.0,10.0,9.0,16.0,15.0,3.0,5.0,9.0,2.0,3.0,0.0,18.0,6.0,8.0,19.0,10.0,9.0,4.0,20.0,2.0,35.0,1,0.2725926466796432
29.0,3.0,4.0,28.0,16.0,22.0,0.0,3.0,3.0,2.0,14.0,11.0,8.0,6.0,10.0,9.0,11.0,8.0,2.0,14.0,1.0,9.0,37.0,0.0,10.0,0.0,8.0,12.0,0.0,23.0,8.0,1.0,16.0,1.0,16.0,2.0,13.0,2.0,7.0,12.0,11.0,11.0,19.0,20.0,9.0,3.0,7.0,22.0,11.0,1.0,5.0,17.0,0.0,7.0,19.0,5.0,1.0,3.0,19.0,0.0,3.0,8.0,3.0,44.0,2.0,12.0,9.0,4.0,2.0,5.0,13.0,11.0,3.0,10.0,6.0,6.0,6.0,6.0,12.0,9.0,36.0,3.0,3.0,28.0,10.0,15.0,4.0,14.0,22.0,3.0,14.0,30.0,0.0,3.0,0.0,14.0,1.0,68.0,2.0,19.0,0,0.0010132938960700554
7.0,4.0,19.0,9.0,9.0,14.0,6.0,5.0,0.0,1.0,3.0,3.0,3.0,17.0,7.0,3.0,6.0,8.0,4.0,18.0,33.0,21.0,12.0,9.0,8.0,2.0,29.0,2.0,16.0,12.0,18.0,4.0,5.0,7.0,12.0,4.0,24.0,4.0,8.0,33.0,12.0,0.0,5.0,10.0,3.0,5.0,1.0,8.0,14.0,20.0,5.0,7.0,15.0,7.0,8.0,3.0,5.0,15.0,8.0,6.0,16.0,26.0,18.0,16.0,9.0,29.0,8.0,11.0,2.0,10.0,2.0,6.0,2.0,9.0,2.0,2.0,0.0,4.0,24.0,8.0,4.0,5.0,26.0,18.0,5.0,7.0,8.0,8.0,8.0,2.0,12.0,10.0,14.0,14.0,12.0,5.0,3.0,20.0,1.0,37.0,1,0.17627745650454102
20.0,2.0,9.0,34.0,17.0,23.0,5.0,3.0,6.0,1.0,10.0,12.0,6.0,4.0,5.0,4.0,10.0,8.0,9.0,7.0,12.0,12.0,18.0,4.0,4.0,4.0,8.0,9.0,4.0,18.0,9.0,6.0,7.0,5.0,14.0,0.0,8.0,0.0,5.0,13.0,6.0,10.0,24.0,23.0,8.0,3.0,5.0,14.0,15.0,10.0,8.0,16.0,7.0,19.0,25.0,5.0,2.0,4.0,16.0,1.0,7.0,6.0,8.0,34.0,1.0,12.0,11.0,2.0,8.0,7.0,6.0,7.0,11.0,7.0,7.0,6.0,6.0,1.0,15.0,6.0,38.0,7.0,7.0,21.0,6.0,19.0,4.0,15.0,30.0,3.0,11.0,27.0,0.0,8.0,4.0,12.0,1.0,36.0,1.0,16.0,0,0.22246618707670107
3.0,5.0,21.0,12.0,7.0,6.0,11.0,6.0,1.0,1.0,4.0,5.0,12.0,13.0,6.0,2.0,3.0,19.0,7.0,23.0,31.0,18.0,12.0,12.0,15.0,1.0,33.0,3.0,31.0,17.0,11.0,5.0,4.0,5.0,15.0,5.0,29.0,2.0,9.0,47.0,6.0,1.0,7.0,10.0,8.0,4.0,0.0,10.0,12.0,15.0,2.0,14.0,12.0,7.0,2.0,2.0,5.0,6.0,11.0,7.0,17.0,19.0,15.0,17.0,8.0,25.0,10.0,12.0,2.0,14.0,3.0,1.0,0.0,17.0,4.0,5.0,1.0,2.0,25.0,11.0,2.0,6.0,19.0,24.0,4.0,7.0,18.0,4.0,2.0,2.0,20.0,4.0,8.0,13.0,15.0,6.0,3.0,23.0,1.0,36.0,1,0.12332682014246994
5.0,6.0,26.0,9.0,11.0,16.0,14.0,4.0,1.0,1.0,4.0,4.0,5.0,19.0,6.0,3.0,3.0,8.0,5.0,17.0,28.0,12.0,15.0,11.0,10.0,0.0,39.0,3.0,17.0,16.0,10.0,8.0,4.0,7.0,18.0,4.0,23.0,4.0,8.0,40.0,8.0,3.0,10.0,11.0,3.0,2.0,1.0,8.0,16.0,11.0,6.0,15.0,25.0,12.0,3.0,2.0,8.0,10.0,10.0,4.0,6.0,21.0,15.0,16.0,7.0,25.0,4.0,7.0,2.0,7.0,2.0,1.0,1.0,11.0,0.0,3.0,1.0,5.0,33.0,9.0,7.0,4.0,21.0,23.0,5.0,2.0,13.0,3.0,6.0,0.0,12.0,2.0,3.0,14.0,12.0,9.0,1.0,23.0,1.0,23.0,1,0.1441483997454109
33.0,3.0,8.0,20.0,7.0,19.0,3.0,1.0,5.0,6.0,16.0,14.0,5.0,5.0,7.0,6.0,7.0,5.0,13.0,11.0,8.0,8.0,25.0,5.0,14.0,2.0,12.0,3.0,9.0,12.0,5.0,3.0,16.0,5.0,8.0,1.0,9.0,4.0,4.0,15.0,6.0,8.0,10.0,11.0,7.0,7.0,6.0,9.0,12.0,8.0,7.0,21.0,6.0,11.0,15.0,6.0,2.0,0.0,17.0,0.0,7.0,13.0,3.0,31.0,1.0,10.0,9.0,3.0,7.0,2.0,7.0,7.0,5.0,18.0,7.0,11.0,3.0,2.0,10.0,9.0,27.0,1.0,5.0,22.0,8.0,11.0,4.0,7.0,22.0,2.0,15.0,22.0,2.0,7.0,1.0,13.0,2.0,40.0,1.0,19.0,0,0.2187739040118245
18.0,30.0,15.0,6.0,2.0,11.0,27.0,3.0,11.0,10.0,17.0,25.0,8.0,7.0,2.0,2.0,1.0,10.0,21.0,1.0,46.0,13.0,13.0,45.0,9.0,7.0,12.0,11.0,2.0,3.0,12.0,15.0,7.0,20.0,5.0,7.0,14.0,4.0,0.0,24.0,9.0,5.0,13.0,30.0,0.0,1.0,4.0,2.0,7.0,13.0,21.0,14.0,3.0,2.0,20.0,6.0,10.0,20.0,0.0,2.0,2.0,0.0,19.0,2.0,3.0,0.0,12.0,2.0,8.0,3.0,2.0,9.0,7.0,9.0,1.0,27.0,5.0,7.0,5.0,5.0,16.0,7.0,4.0,7.0,5.0,16.0,2.0,16.0,10.0,8.0,2.0,2.0,7.0,46.0,3.0,1.0,22.0,12.0,9.0,6.0,2,0.0325311117678455
10.0,11.0,14.0,13.0,6.0,14.0,6.0,7.0,0.0,0.0,3.0,7.0,10.0,21.0,4.0,0.0,5.0,13.0,6.0,11.0,30.0,20.0,19.0,7.0,11.0,2.0,24.0,4.0,16.0,26.0,16.0,1.0,7.0,4.0,20.0,5.0,23.0,4.0,9.0,35.0,16.0,1.0,5.0,9.0,5.0,3.0,4.0,9.0,9.0,19.0,5.0,23.0,18.0,7.0,2.0,2.0,6.0,12.0,10.0,5.0,18.0,19.0,21.0,18.0,7.0,30.0,13.0,9.0,7.0,6.0,3.0,1.0,4.0,15.0,1.0,5.0,0.0,5.0,26.0,9.0,8.0,8.0,32.0,20.0,6.0,8.0,14.0,9.0,8.0,2.0,17.0,14.0,8.0,14.0,10.0,9.0,6.0,20.0,0.0,28.0,1,0.21911532139419443
25.0,4.0,6.0,23.0,15.0,34.0,2.0,6.0,4.0,1.0,7.0,15.0,6.0,6.0,8.0,6.0,8.0,11.0,4.0,17.0,4.0,11.0,31.0,3.0,11.0,5.0,12.0,9.0,3.0,21.0,7.0,6.0,23.0,4.0,13.0,2.0,12.0,2.0,7.0,18.0,12.0,8.0,13.0,16.0,10.0,6.0,4.0,20.0,7.0,4.0,6.0,25.0,3.0,15.0,17.0,5.0,1.0,1.0,19.0,2.0,8.0,12.0,4.0,36.0,2.0,13.0,3.0,3.0,8.0,7.0,13.0,5.0,4.0,13.0,5.0,10.0,8.0,1.0,10.0,8.0,29.0,1.0,5.0,16.0,12.0,9.0,9.0,9.0,18.0,1.0,14.0,24.0,0.0,4.0,1.0,16.0,1.0,53.0,1.0,24.0,0,0.13788460635754046
28.0,8.0,5.0,24.0,10.0,16.0,7.0,6.0,2.0,3.0,11.0,21.0,13.0,7.0,11.0,5.0,6.0,15.0,6.0,13.0,9.0,6.0,22.0,9.0,10.0,2.0,16.0,3.0,4.0,22.0,11.0,3.0,7.0,4.0,2.0,2.0,17.0,5.0,6.0,17.0,9.0,6.0,12.0,19.0,8.0,5.0,3.0,21.0,18.0,7.0,10.0,22.0,3.0,15.0,13.0,7.0,1.0,4.0,16.0,0.0,6.0,10.0,7.0,32.0,2.0,9.0,14.0,3.0,3.0,7.0,10.0,10.0,1.0,10.0,4.0,5.0,6.0,5.0,10.0,13.0,28.0,7.0,7.0,22.0,4.0,16.0,5.0,12.0,20.0,3.0,15.0,24.0,3.0,11.0,1.0,14.0,5.0,47.0,8.0,16.0,0,0.2637463110901507
5.0,9.0,15.0,18.0,5.0,6.0,7.0,7.0,1.0,3.0,2.0,5.0,10.0,12.0,5.0,1.0,5.0,13.0,9.0,18.0,35.0,27.0,16.0,7.0,8.0,2.0,28.0,2.0,19.0,16.0,20.0,6.0,6.0,5.0,13.0,3.0,26.0,1.0,14.0,39.0,13.0,4.0,10.0,11.0,8.0,2.0,0.0,11.0,12.0,17.0,4.0,12.0,21.0,8.0,7.0,7.0,6.0,5.0,7.0,5.0,11.0,11.0,18.0,24.0,2.0,44.0,12.0,9.0,3.0,13.0,3.0,2.0,2.0,13.0,0.0,6.0,2.0,3.0,28.0,5.0,11.0,11.0,24.0,17.0,1.0,8.0,12.0,6.0,5.0,2.0,23.0,8.0,8.0,25.0,16.0,8.0,2.0,20.0,1.0,29.0,1,0.20226373640687453
1.0,7.0,19.0,5.0,6.0,7.0,13.0,3.0,1.0,0.0,3.0,0.0,1.0,18.0,5.0,0.0,3.0,10.0,4.0,17.0,29.0,21.0,13.0,5.0,9.0,0.0,37.0,1.0,24.0,12.0,11.0,3.0,3.0,6.0,18.0,5.0,18.0,5.0,12.0,41.0,13.0,1.0,5.0,8.0,7.0,3.0,1.0,9.0,14.0,21.0,0.0,18.0,17.0,10.0,1.0,1.0,5.0,8.0,9.0,3.0,18.0,21.0,10.0,25.0,8.0,34.0,7.0,7.0,5.0,7.0,0.0,0.0,0.0,9.0,0.0,5.0,0.0,5.0,34.0,12.0,1.0,11.0,27.0,20.0,2.0,3.0,13.0,2.0,6.0,1.0,29.0,8.0,4.0,13.0,15.0,8.0,2.0,17.0,0.0,30.0,1,0.01727801854662092
32.0,4.0,3.0,29.0,12.0,26.0,1.0,0.0,2.0,4.0,12.0,14.0,6.0,8.0,11.0,5.0,5.0,10.0,4.0,6.0,6.0,8.0,22.0,3.0,17.0,1.0,11.0,11.0,3.0,14.0,7.0,2.0,13.0,1.0,12.0,1.0,6.0,2.0,9.0,16.0,9.0,6.0,14.0,12.0,10.0,4.0,4.0,11.0,6.0,1.0,14.0,22.0,2.0,20.0,15.0,6.0,0.0,0.0,25.0,2.0,3.0,7.0,1.0,34.0,2.0,12.0,10.0,2.0,7.0,4.0,14.0,10.0,11.0,16.0,5.0,7.0,6.0,1.0,16.0,11.0,35.0,6.0,9.0,25.0,7.0,14.0,5.0,9.0,23.0,2.0,12.0,26.0,0.0,1.0,1.0,12.0,3.0,57.0,3.0,16.0,0,0.04683736439487356
7.0,8.0,15.0,13.0,14.0,13.0,5.0,7.0,3.0,1.0,6.0,4.0,9.0,17.0,4.0,1.0,10.0,12.0,4.0,14.0,30.0,19.0,9.0,16.0,10.0,0.0,32.0,6.0,16.0,17.0,17.0,2.0,3.0,6.0,14.0,3.0,29.0,3.0,11.0,39.0,10.0,1.0,5.0,13.0,15.0,8.0,0.0,13.0,9.0,12.0,2.0,14.0,15.0,10.0,2.0,3.0,2.0,9.0,4.0,4.0,10.0,22.0,15.0,23.0,6.0,29.0,4.0,7.0,6.0,14.0,4.0,6.0,5.0,14.0,2.0,6.0,2.0,4.0,24.0,4.0,6.0,7.0,23.0,19.0,6.0,4.0,17.0,6.0,3.0,1.0,22.0,10.0,5.0,13.0,14.0,10.0,3.0,18.0,3.0,25.0,1,0.18637996362469508
19.0,26.0,18.0,5.0,9.0,8.0,33.0,5.0,7.0,2.0,16.0,8.0,11.0,3.0,2.0,3.0,4.0,9.0,16.0,5.0,42.0,25.0,22.0,36.0,7.0,12.0,20.0,7.0,6.0,4.0,6.0,17.0,11.0,12.0,10.0,4.0,16.0,6.0,3.0,24.0,4.0,4.0,14.0,29.0,3.0,4.0,9.0,3.0,9.0,19.0,19.0,10.0,6.0,6.0,12.0,6.0,6.0,17.0,3.0,1.0,2.0,2.0,19.0,7.0,3.0,2.0,8.0,3.0,7.0,2.0,4.0,4.0,4.0,9.0,1.0,17.0,2.0,3.0,8.0,4.0,7.0,7.0,6.0,11.0,3.0,18.0,7.0,20.0,15.0,9.0,6.0,5.0,5.0,42.0,2.0,4.0,14.0,23.0,2.0,10.0,2,0.1718229571256749
31.0,4.0,3.0,17.0,12.0,23.0,1.0,3.0,2.0,3.0,16.0,4.0,5.0,4.0,14.0,2.0,8.0,6.0,4.0,19.0,5.0,10.0,34.0,3.0,4.0,1.0,9.0,8.0,6.0,18.0,11.0,1.0,8.0,3.0,12.0,0.0,2.0,3.0,9.0,16.0,8.0,9.0,19.0,15.0,6.0,7.0,4.0,16.0,16.0,3.0,11.0,17.0,2.0,17.0,19.0,8.0,0.0,3.0,17.0,1.0,2.0,9.0,3.0,45.0,5.0,8.0,3.0,2.0,7.0,8.0,16.0,12.0,8.0,7.0,2.0,9.0,5.0,4.0,13.0,12.0,36.0,2.0,9.0,19.0,9.0,16.0,2.0,15.0,29.0,1.0,11.0,31.0,0.0,2.0,1.0,11.0,5.0,61.0,7.0,19.0,0,0.05424335987137247
17.0,24.0,10.0,2.0,3.0,6.0,37.0,1.0,12.0,3.0,15.0,22.0,7.0,3.0,0.0,1.0,6.0,9.0,26.0,2.0,29.0,11.0,13.0,47.0,6.0,6.0,15.0,8.0,4.0,2.0,6.0,21.0,13.0,14.0,8.0,2.0,12.0,3.0,1.0,30.0,3.0,7.0,15.0,40.0,1.0,1.0,5.0,3.0,6.0,24.0,16.0,9.0,3.0,4.0,13.0,4.0,7.0,17.0,9.0,3.0,1.0,1.0,34.0,3.0,3.0,2.0,14.0,3.0,5.0,1.0,6.0,2.0,10.0,7.0,2.0,20.0,3.0,5.0,4.0,6.0,20.0,8.0,4.0,4.0,5.0,19.0,4.0,26.0,9.0,9.0,5.0,4.0,13.0,51.0,1.0,2.0,16.0,11.0,5.0,6.0,2,0.03454593453810376
13.0,12.0,13.0,19.0,5.0,11.0,9.0,5.0,0.0,3.0,7.0,4.0,8.0,23.0,5.0,0.0,4.0,14.0,8.0,8.0,21.0,19.0,11.0,12.0,8.0,1.0,28.0,3.0,23.0,16.0,18.0,7.0,1.0,7.0,11.0,5.0,22.0,2.0,5.0,26.0,9.0,2.0,9.0,14.0,8.0,3.0,1.0,13.0,9.0,19.0,5.0,20.0,20.0,4.0,11.0,6.0,5.0,8.0,9.0,2.0,19.0,18.0,15.0,21.0,12.0,25.0,10.0,6.0,3.0,16.0,3.0,2.0,0.0,11.0,6.0,9.0,1.0,4.0,33.0,9.0,3.0,7.0,21.0,24.0,4.0,10.0,9.0,8.0,4.0,3.0,13.0,3.0,6.0,17.0,7.0,4.0,4.0,23.0,1.0,26.0,1,0.2593590324091652
30.0,6.0,3.0,22.0,13.0,18.0,3.0,4.0,3.0,3.0,13.0,11.0,6.0,3.0,6.0,8.0,4.0,12.0,8.0,8.0,1.0,6.0,20.0,2.0,9.0,1.0,12.0,6.0,0.0,30.0,9.0,1.0,12.0,0.0,11.0,1.0,5.0,4.0,9.0,12.0,7.0,10.0,19.0,13.0,15.0,7.0,5.0,15.0,7.0,2.0,14.0,22.0,1.0,17.0,17.0,11.0,1.0,1.0,20.0,1.0,6.0,9.0,4.0,44.0,1.0,10.0,8.0,1.0,4.0,7.0,10.0,9.0,6.0,9.0,5.0,13.0,9.0,3.0,14.0,12.0,29.0,2.0,8.0,15.0,5.0,11.0,6.0,9.0,22.0,3.0,19.0,28.0,2.0,5.0,1.0,13.0,1.0,68.0,7.0,25.0,0,0.08429523364628153
11.0,19.0,12.0,7.0,5.0,6.0,33.0,5.0,8.0,3.0,12.0,18.0,4.0,4.0,1.0,3.0,6.0,10.0,20.0,4.0,31.0,10.0,16.0,31.0,14.0,3.0,21.0,8.0,6.0,9.0,14.0,16.0,9.0,20.0,11.0,6.0,14.0,1.0,5.0,28.0,2.0,8.0,18.0,32.0,3.0,1.0,6.0,9.0,6.0,13.0,16.0,15.0,5.0,5.0,8.0,6.0,6.0,11.0,6.0,1.0,3.0,6.0,21.0,16.0,4.0,6.0,8.0,4.0,5.0,4.0,8.0,6.0,5.0,4.0,2.0,5.0,5.0,3.0,12.0,8.0,17.0,12.0,12.0,15.0,6.0,19.0,4.0,14.0,18.0,5.0,11.0,5.0,4.0,41.0,1.0,11.0,20.0,18.0,3.0,7.0,2,0.28764585919165486
10.0,19.0,4.0,12.0,6.0,6.0,37.0,1.0,11.0,2.0,19.0,12.0,5.0,6.0,2.0,2.0,3.0,8.0,22.0,3.0,23.0,17.0,13.0,32.0,6.0,5.0,15.0,5.0,8.0,5.0,7.0,12.0,14.0,16.0,13.0,3.0,14.0,1.0,0.0,29.0,6.0,5.0,13.0,32.0,1.0,4.0,5.0,8.0,12.0,15.0,16.0,10.0,1.0,4.0,19.0,6.0,4.0,8.0,4.0,1.0,1.0,3.0,11.0,7.0,5.0,5.0,18.0,4.0,2.0,3.0,6.0,6.0,8.0,9.0,2.0,17.0,2.0,6.0,9.0,9.0,16.0,12.0,8.0,3.0,6.0,17.0,4.0,18.0,13.0,3.0,6.0,7.0,4.0,33.0,1.0,7.0,17.0,13.0,5.0,15.0,2,0.24305071244231538
